candidate_source,label,feature,rows,mean,median,p10,p90
S2,0,name_levenshtein,115093,0.32924044988963985,0.23999999463558197,0.09677419066429138,0.7083333134651184
S2,0,name_token_set,115093,0.49933641963113257,0.3999999761581421,0.1599999964237213,0.9199999570846558
S2,0,name_token_jaccard,115093,0.16466412120179855,0.0,0.0,0.5
S2,0,name_char3_jaccard,115093,0.18806052391043307,0.02857142873108387,0.0,0.59375
S2,0,transliterated_name_levenshtein,115093,0.3287611658387151,0.24590164422988892,0.13793103396892548,0.6666666865348816
S2,0,transliteration_levenshtein_gain,115093,-0.00047928399437842953,0.0,-0.07954545021057129,0.09090906381607056
S2,0,suffix_name_levenshtein,115093,0.31733418358224214,0.21212121844291687,0.0625,0.7272727489471436
S2,0,address_levenshtein,115093,0.360230569978026,0.31578946113586426,0.1666666716337204,0.625
S2,0,address_token_set,115093,0.5879684518962661,0.6060605645179749,0.3302752375602722,0.8717948794364929
S2,0,address_token_jaccard,115093,0.1833710334300908,0.1666666716337204,0.0,0.4285714328289032
S2,0,address_char3_jaccard,115093,0.21223914132137198,0.2083333283662796,0.0,0.4571428596973419
S2,0,address_number_jaccard,115093,0.05888750924390674,0.0,0.0,0.20000000298023224
S2,0,address_conflicting_number_count,115093,2.3309063105488605,2.0,0.0,4.0
S2,0,retrieval_signal_count_top100,115093,1.425846923792064,1.0,1.0,3.0
S2,0,retrieval_best_rank,115093,44.327778405289635,40.0,10.0,86.0
S2,0,retrieval_rrf_score_top100,115093,0.014288765852567458,0.01149425283074379,0.006896551698446274,0.026491228491067886
S2,0,independent_strong_signal_count,115093,0.62562449497363,0.0,0.0,2.0
S2,1,name_levenshtein,15724,0.7196196344842425,0.800000011920929,0.24242424964904785,1.0
S2,1,name_token_set,15724,0.8574134404094631,1.0,0.4117647111415863,1.0
S2,1,name_token_jaccard,15724,0.6112789372842228,0.6666666865348816,0.0,1.0
S2,1,name_char3_jaccard,15724,0.6517522816859703,0.7142857313156128,0.1428571492433548,1.0
S2,1,transliterated_name_levenshtein,15724,0.7181330835780769,0.7727272510528564,0.3235294222831726,1.0
S2,1,transliteration_levenshtein_gain,15724,-0.0014865507862853568,0.0,-0.006530642509460449,0.1111111044883728
S2,1,suffix_name_levenshtein,15724,0.7568443467977016,0.8787878751754761,0.2142857164144516,1.0
S2,1,address_levenshtein,15724,0.7015882575644227,0.7872340679168701,0.2368421107530594,1.0
S2,1,address_token_set,15724,0.9096719748993255,0.9655172228813171,0.8205128312110901,1.0
S2,1,address_token_jaccard,15724,0.6890972197852807,0.7142857313156128,0.375,1.0
S2,1,address_char3_jaccard,15724,0.7079334919326338,0.75,0.40565878152847307,1.0
S2,1,address_number_jaccard,15724,0.7182485685425309,1.0,0.0,1.0
S2,1,address_conflicting_number_count,15724,0.3669549732892394,0.0,0.0,2.0
S2,1,retrieval_signal_count_top100,15724,3.8496565759348766,5.0,2.0,5.0
S2,1,retrieval_best_rank,15724,2.9874713813279064,2.0,1.0,5.0
S2,1,retrieval_rrf_score_top100,15724,0.05811722283586822,0.0635000616312027,0.03125,0.08043566942214966
S2,1,independent_strong_signal_count,15724,3.773467311116764,4.0,2.0,5.0
S3,0,name_levenshtein,82713,0.4576349286327511,0.4285714328289032,0.1538461595773697,0.8260869383811951
S3,0,name_token_set,82713,0.6858216478535921,0.7647058963775635,0.2857142686843872,1.0
S3,0,name_token_jaccard,82713,0.3017102090858425,0.25,0.0,0.6666666865348816
S3,0,name_char3_jaccard,82713,0.3387413120611043,0.3076923191547394,0.0,0.75
S3,0,transliterated_name_levenshtein,82713,0.4357837801184174,0.3888888955116272,0.1599999964237213,0.8125
S3,0,transliteration_levenshtein_gain,82713,-0.021851148493660932,0.0,-0.15217392146587372,0.04444444179534912
S3,0,suffix_name_levenshtein,82713,0.46585977604779827,0.4399999976158142,0.1304347813129425,0.9411764740943909
S3,0,address_levenshtein,82713,0.26654888833527135,0.2238806039094925,0.13953489065170288,0.4878048896789551
S3,0,address_token_set,82713,0.45770871692708204,0.39436617493629456,0.2933333218097687,0.7671232223510742
S3,0,address_token_jaccard,82713,0.08665065237862675,0.0,0.0,0.2857142984867096
S3,0,address_char3_jaccard,82713,0.11436826571891279,0.03076923079788685,0.0,0.3720930218696594
S3,0,address_number_jaccard,82713,0.0490497784793356,0.0,0.0,0.0
S3,0,address_conflicting_number_count,82713,2.526168800551304,2.0,0.0,4.0
S3,0,retrieval_signal_count_top100,82713,1.656039558473275,1.0,1.0,3.0
S3,0,retrieval_best_rank,82713,40.84749676592555,35.0,8.0,84.0
S3,0,retrieval_rrf_score_top100,82713,0.017065192626070237,0.013698630034923553,0.007092198356986046,0.03274030163884163
S3,0,independent_strong_signal_count,82713,1.126449288503621,0.0,0.0,3.0
S3,1,name_levenshtein,16528,0.7288281956506354,0.7894737124443054,0.35483869910240173,1.0
S3,1,name_token_set,16528,0.8867794906798054,1.0,0.6086956262588501,1.0
S3,1,name_token_jaccard,16528,0.6322384708635833,0.6666666865348816,0.0,1.0
S3,1,name_char3_jaccard,16528,0.6666798625481274,0.7096773982048035,0.27272728085517883,1.0
S3,1,transliterated_name_levenshtein,16528,0.7202989890041562,0.7692307829856873,0.3478260934352875,1.0
S3,1,transliteration_levenshtein_gain,16528,-0.008529206586299357,0.0,-0.006048738956451416,0.0476190447807312
S3,1,suffix_name_levenshtein,16528,0.7598173820178339,0.8571428656578064,0.3333333432674408,1.0
S3,1,address_levenshtein,16528,0.6040796965797002,0.6666666865348816,0.2142857164144516,0.8947368264198303
S3,1,address_token_set,16528,0.8576492723032457,0.904347836971283,0.7333333492279053,0.9818181395530701
S3,1,address_token_jaccard,16528,0.5302931859528975,0.5,0.23076923191547394,0.8461538553237915
S3,1,address_char3_jaccard,16528,0.6021329889120511,0.6315789222717285,0.2750000059604645,0.8717948794364929
S3,1,address_number_jaccard,16528,0.7362616262024508,1.0,0.0,1.0
S3,1,address_conflicting_number_count,16528,0.34983059051306875,0.0,0.0,2.0
S3,1,retrieval_signal_count_top100,16528,3.642364472410455,4.0,2.0,5.0
S3,1,retrieval_best_rank,16528,3.517303969022265,2.0,1.0,6.0
S3,1,retrieval_rrf_score_top100,16528,0.0546079939400321,0.05734890513122082,0.02964426949620247,0.079925537109375
S3,1,independent_strong_signal_count,16528,3.7302153920619556,4.0,2.0,5.0
