feature,family,dtype,recommended,inference_safe,missing_zero_convention,potential_concern
candidate_address_missing,missingness,bool,True,True,No NaN/inf; absence is represented by explicit indicators or zero similarity.,Address similarities are zero when text is missing; keep this indicator with them.
candidate_source_s3,source_metadata,bool,True,True,No NaN/inf; absence is represented by explicit indicators or zero similarity.,May learn source-specific calibration; report Task 4 metrics separately for S2 and S3.
cross_script_name,interpretable_interaction,bool,True,True,No NaN/inf; absence is represented by explicit indicators or zero similarity.,"Inference-safe non-ASCII mismatch proxy, not a true script detector; accented Latin text can trigger it."
name_exact,baseline_name_similarity,bool,True,True,No NaN/inf; absence is represented by explicit indicators or zero similarity.,No issue identified.
name_levenshtein,baseline_name_similarity,float32,True,True,No NaN/inf; absence is represented by explicit indicators or zero similarity.,No issue identified.
name_jaro_winkler,baseline_name_similarity,float32,True,True,No NaN/inf; absence is represented by explicit indicators or zero similarity.,No issue identified.
name_token_sort,baseline_name_similarity,float32,True,True,No NaN/inf; absence is represented by explicit indicators or zero similarity.,No issue identified.
name_token_set,baseline_name_similarity,float32,True,True,No NaN/inf; absence is represented by explicit indicators or zero similarity.,Highly correlated with transliterated_name_token_set (Spearman 0.977); both retained for cross-script cases.
name_token_jaccard,baseline_name_similarity,float32,True,True,No NaN/inf; absence is represented by explicit indicators or zero similarity.,No issue identified.
name_char3_jaccard,baseline_name_similarity,float32,True,True,No NaN/inf; absence is represented by explicit indicators or zero similarity.,No issue identified.
name_length_ratio,baseline_name_similarity,float32,True,True,No NaN/inf; absence is represented by explicit indicators or zero similarity.,No issue identified.
name_token_count_difference,baseline_name_similarity,uint16,True,True,No NaN/inf; absence is represented by explicit indicators or zero similarity.,No issue identified.
name_first_token_exact,baseline_name_similarity,bool,True,True,No NaN/inf; absence is represented by explicit indicators or zero similarity.,No issue identified.
transliterated_name_exact,transliterated_name_similarity,bool,True,True,No NaN/inf; absence is represented by explicit indicators or zero similarity.,No issue identified.
transliterated_name_levenshtein,transliterated_name_similarity,float32,True,True,No NaN/inf; absence is represented by explicit indicators or zero similarity.,No issue identified.
transliterated_name_token_set,transliterated_name_similarity,float32,True,True,No NaN/inf; absence is represented by explicit indicators or zero similarity.,"Highly correlated with name_token_set globally (Spearman 0.977), but differs in cross-script cases."
suffix_name_exact,legal_suffix_name_similarity,bool,True,True,No NaN/inf; absence is represented by explicit indicators or zero similarity.,Depends on the frozen conservative suffix normalizer; monitor over-normalization in Task 4 errors.
suffix_name_levenshtein,legal_suffix_name_similarity,float32,True,True,No NaN/inf; absence is represented by explicit indicators or zero similarity.,Depends on the frozen conservative suffix normalizer; monitor over-normalization in Task 4 errors.
suffix_name_token_set,legal_suffix_name_similarity,float32,True,True,No NaN/inf; absence is represented by explicit indicators or zero similarity.,Depends on the frozen conservative suffix normalizer; monitor over-normalization in Task 4 errors.
address_exact,address_similarity,bool,True,True,No NaN/inf; absence is represented by explicit indicators or zero similarity.,"Near-constant: true for 0.1352% of pairs; sparse high-precision evidence, not a correctness issue."
address_levenshtein,address_similarity,float32,True,True,No NaN/inf; absence is represented by explicit indicators or zero similarity.,No issue identified.
address_jaro_winkler,address_similarity,float32,True,True,No NaN/inf; absence is represented by explicit indicators or zero similarity.,No issue identified.
address_token_sort,address_similarity,float32,True,True,No NaN/inf; absence is represented by explicit indicators or zero similarity.,No issue identified.
address_token_set,address_similarity,float32,True,True,No NaN/inf; absence is represented by explicit indicators or zero similarity.,No issue identified.
address_token_jaccard,address_similarity,float32,True,True,No NaN/inf; absence is represented by explicit indicators or zero similarity.,No issue identified.
address_char3_jaccard,address_similarity,float32,True,True,No NaN/inf; absence is represented by explicit indicators or zero similarity.,No issue identified.
address_length_ratio,address_similarity,float32,True,True,No NaN/inf; absence is represented by explicit indicators or zero similarity.,No issue identified.
address_token_count_difference,address_similarity,uint16,True,True,No NaN/inf; absence is represented by explicit indicators or zero similarity.,No issue identified.
address_first_token_exact,address_similarity,bool,True,True,No NaN/inf; absence is represented by explicit indicators or zero similarity.,No issue identified.
both_addresses_have_numbers,address_number_structure,bool,True,True,No NaN/inf; absence is represented by explicit indicators or zero similarity.,Numeric similarity is zero when either side lacks numbers; interpret with number-presence indicators.
one_address_missing_numbers,address_number_structure,bool,True,True,No NaN/inf; absence is represented by explicit indicators or zero similarity.,Numeric similarity is zero when either side lacks numbers; interpret with number-presence indicators.
address_number_set_exact,address_number_structure,bool,True,True,No NaN/inf; absence is represented by explicit indicators or zero similarity.,Numeric similarity is zero when either side lacks numbers; interpret with number-presence indicators.
address_first_number_exact,address_number_structure,bool,True,True,No NaN/inf; absence is represented by explicit indicators or zero similarity.,Numeric similarity is zero when either side lacks numbers; interpret with number-presence indicators.
address_number_jaccard,address_number_structure,float32,True,True,No NaN/inf; absence is represented by explicit indicators or zero similarity.,Numeric similarity is zero when either side lacks numbers; interpret with number-presence indicators.
address_conflicting_number_count,address_number_structure,uint8,True,True,No NaN/inf; absence is represented by explicit indicators or zero similarity.,Numeric similarity is zero when either side lacks numbers; interpret with number-presence indicators.
address_number_count_difference,address_number_structure,uint8,True,True,No NaN/inf; absence is represented by explicit indicators or zero similarity.,Numeric similarity is zero when either side lacks numbers; interpret with number-presence indicators.
transliteration_levenshtein_gain,transliterated_name_similarity,float32,True,True,No NaN/inf; absence is represented by explicit indicators or zero similarity.,"Signed delta can be negative; zero means no gain, not missing."
suffix_levenshtein_gain,legal_suffix_name_similarity,float32,True,True,No NaN/inf; absence is represented by explicit indicators or zero similarity.,Depends on the frozen conservative suffix normalizer; monitor over-normalization in Task 4 errors.
baseline_name_rank,retrieval_evidence,uint16,True,True,0 means not retrieved in the saved top-250 signal; paired missing indicator is explicit.,Valid only with the frozen Task 2.5 retriever; rank 0 means absent only for per-signal ranks.
baseline_name_rank_missing,retrieval_evidence,bool,True,True,No NaN/inf; absence is represented by explicit indicators or zero similarity.,Strongly correlated with its rank/score for some signals; explicit indicator preserves rank=0 semantics.
baseline_name_score,retrieval_evidence,float32,True,True,0 when rank is missing; consult the paired rank-missing indicator.,Valid only with the frozen Task 2.5 retriever; per-signal score 0 means rank missing.
baseline_address_rank,retrieval_evidence,uint16,True,True,0 means not retrieved in the saved top-250 signal; paired missing indicator is explicit.,Valid only with the frozen Task 2.5 retriever; rank 0 means absent only for per-signal ranks.
baseline_address_rank_missing,retrieval_evidence,bool,True,True,No NaN/inf; absence is represented by explicit indicators or zero similarity.,Strongly correlated with its rank/score for some signals; explicit indicator preserves rank=0 semantics.
baseline_address_score,retrieval_evidence,float32,True,True,0 when rank is missing; consult the paired rank-missing indicator.,Valid only with the frozen Task 2.5 retriever; per-signal score 0 means rank missing.
transliterated_name_rank,retrieval_evidence,uint16,True,True,0 means not retrieved in the saved top-250 signal; paired missing indicator is explicit.,Valid only with the frozen Task 2.5 retriever; rank 0 means absent only for per-signal ranks.
transliterated_name_rank_missing,retrieval_evidence,bool,True,True,No NaN/inf; absence is represented by explicit indicators or zero similarity.,Strongly correlated with its rank/score for some signals; explicit indicator preserves rank=0 semantics.
transliterated_name_score,retrieval_evidence,float32,True,True,0 when rank is missing; consult the paired rank-missing indicator.,Valid only with the frozen Task 2.5 retriever; per-signal score 0 means rank missing.
number_address_rank,retrieval_evidence,uint16,True,True,0 means not retrieved in the saved top-250 signal; paired missing indicator is explicit.,Valid only with the frozen Task 2.5 retriever; rank 0 means absent only for per-signal ranks.
number_address_rank_missing,retrieval_evidence,bool,True,True,No NaN/inf; absence is represented by explicit indicators or zero similarity.,Strongly correlated with its rank/score for some signals; explicit indicator preserves rank=0 semantics.
number_address_score,retrieval_evidence,float32,True,True,0 when rank is missing; consult the paired rank-missing indicator.,Valid only with the frozen Task 2.5 retriever; per-signal score 0 means rank missing.
suffix_name_rank,retrieval_evidence,uint16,True,True,0 means not retrieved in the saved top-250 signal; paired missing indicator is explicit.,Depends on the frozen conservative suffix normalizer; monitor over-normalization in Task 4 errors.
suffix_name_rank_missing,retrieval_evidence,bool,True,True,No NaN/inf; absence is represented by explicit indicators or zero similarity.,Depends on the frozen conservative suffix normalizer; monitor over-normalization in Task 4 errors.
suffix_name_score,retrieval_evidence,float32,True,True,0 when rank is missing; consult the paired rank-missing indicator.,Depends on the frozen conservative suffix normalizer; monitor over-normalization in Task 4 errors.
retrieval_signal_count_top100,retrieval_evidence,uint8,True,True,No NaN/inf; absence is represented by explicit indicators or zero similarity.,Frozen retriever consensus; do not recompute with a retuned candidate generator.
retrieval_best_rank,retrieval_evidence,uint16,True,True,0 means not retrieved in the saved top-250 signal; paired missing indicator is explicit.,Valid only with the frozen Task 2.5 retriever; rank 0 means absent only for per-signal ranks.
retrieval_mean_rank_present,retrieval_evidence,float32,True,True,No NaN/inf; absence is represented by explicit indicators or zero similarity.,Valid only with the frozen Task 2.5 retriever; rank 0 means absent only for per-signal ranks.
retrieval_best_score,retrieval_evidence,float32,True,True,0 when rank is missing; consult the paired rank-missing indicator.,Valid only with the frozen Task 2.5 retriever; per-signal score 0 means rank missing.
retrieval_rrf_score_top100,retrieval_evidence,float32,True,True,No NaN/inf; absence is represented by explicit indicators or zero similarity.,Valid only with the frozen Task 2.5 retriever; per-signal score 0 means rank missing.
frozen_candidate_position,retrieval_evidence,uint16,True,True,No NaN/inf; absence is represented by explicit indicators or zero similarity.,"Candidate-list assembly position, not a calibrated relevance rank; valid only under the frozen cap-250 policy."
task2_baseline_member,retrieval_evidence,bool,True,True,No NaN/inf; absence is represented by explicit indicators or zero similarity.,"Frozen retrieval provenance; complementary to augmentation-only, which is excluded."
name_address_similarity_product,baseline_name_similarity,float32,True,True,No NaN/inf; absence is represented by explicit indicators or zero similarity.,No issue identified.
strong_name_and_address,interpretable_interaction,bool,True,True,No NaN/inf; absence is represented by explicit indicators or zero similarity.,Deterministic thresholded interaction; underlying continuous features are also retained.
legal_suffix_rescue,interpretable_interaction,bool,True,True,No NaN/inf; absence is represented by explicit indicators or zero similarity.,Deterministic thresholded interaction; underlying continuous features are also retained.
strong_address_and_number,address_number_structure,bool,True,True,No NaN/inf; absence is represented by explicit indicators or zero similarity.,Numeric similarity is zero when either side lacks numbers; interpret with number-presence indicators.
high_name_numeric_conflict,interpretable_interaction,bool,True,True,No NaN/inf; absence is represented by explicit indicators or zero similarity.,Deterministic thresholded interaction; underlying continuous features are also retained.
independent_strong_signal_count,interpretable_interaction,uint8,True,True,No NaN/inf; absence is represented by explicit indicators or zero similarity.,Deterministic thresholded interaction; underlying continuous features are also retained.
