positive_group,feature,rows,mean,median,p10,p90
task2_5_recovered,name_levenshtein,1122,0.5541537466878984,0.6000000238418579,0.09090909361839294,0.9375
task2_5_recovered,name_token_set,1122,0.6834561086347768,0.8514578640460968,0.11320754885673523,1.0
task2_5_recovered,name_token_jaccard,1122,0.34926352311928427,0.4285714328289032,0.0,0.6666666865348816
task2_5_recovered,name_char3_jaccard,1122,0.4010544387447696,0.4459064304828644,0.0,0.7333333492279053
task2_5_recovered,transliterated_name_levenshtein,1122,0.5891267455808832,0.5797962546348572,0.24137930572032928,1.0
task2_5_recovered,transliteration_levenshtein_gain,1122,0.03497299918516435,0.0,-0.017738087475299823,0.18954686522483824
task2_5_recovered,suffix_name_levenshtein,1122,0.5632846477539436,0.6363636255264282,0.03717948757112027,0.9971428573131554
task2_5_recovered,address_levenshtein,1122,0.4423333797570643,0.44728486239910126,0.08893557637929922,0.7574938535690308
task2_5_recovered,address_token_set,1122,0.7544996122466051,0.8372092843055725,0.32888887524604865,0.9523809552192688
task2_5_recovered,address_token_jaccard,1122,0.3731747424485637,0.375,0.0536184214055539,0.6470588445663452
task2_5_recovered,address_char3_jaccard,1122,0.3902091766689338,0.38651514053344727,0.02958748284727357,0.6818181872367859
task2_5_recovered,address_number_jaccard,1122,0.6895431928376463,1.0,0.0,1.0
task2_5_recovered,address_conflicting_number_count,1122,0.4554367201426025,0.0,0.0,2.0
task2_5_recovered,retrieval_signal_count_top100,1122,1.3360071301247771,1.0,1.0,2.0
task2_5_recovered,retrieval_best_rank,1122,10.845811051693405,5.0,1.0,30.0
task2_5_recovered,retrieval_rrf_score_top100,1122,0.018550778140684128,0.01587301678955555,0.012195121496915817,0.03083491325378418
task2_5_recovered,independent_strong_signal_count,1122,2.4616755793226384,2.0,1.0,4.0
task2_5_still_missed,name_levenshtein,1033,0.47811124899351587,0.48275861144065857,0.0833333358168602,0.8841628789901735
task2_5_still_missed,name_token_set,1033,0.6150149291765309,0.7777777910232544,0.1090909093618393,1.0
task2_5_still_missed,name_token_jaccard,1033,0.31437485339796206,0.3333333432674408,0.0,0.6666666865348816
task2_5_still_missed,name_char3_jaccard,1033,0.32476676578587504,0.3461538553237915,0.0,0.6666666865348816
task2_5_still_missed,transliterated_name_levenshtein,1033,0.5207882125421075,0.4761904776096344,0.24285714328289032,0.875
task2_5_still_missed,transliteration_levenshtein_gain,1033,0.04267696400298327,0.0,-0.009079217910766602,0.20476949214935303
task2_5_still_missed,suffix_name_levenshtein,1033,0.4572267327782232,0.47999998927116394,0.03333333507180214,0.8947368264198303
task2_5_still_missed,address_levenshtein,1033,0.3079340782121098,0.2947368323802948,0.0,0.6497297048568726
task2_5_still_missed,address_token_set,1033,0.6029819008630104,0.7384614944458008,0.0,0.9268292784690857
task2_5_still_missed,address_token_jaccard,1033,0.24670782150468082,0.25,0.0,0.5
task2_5_still_missed,address_char3_jaccard,1033,0.243226286263673,0.23076923191547394,0.0,0.5274853944778444
task2_5_still_missed,address_number_jaccard,1033,0.40357719213203214,0.3333333432674408,0.0,1.0
task2_5_still_missed,address_conflicting_number_count,1033,0.771539206195547,0.0,0.0,2.0
task2_5_still_missed,retrieval_signal_count_top100,1033,0.12778315585672798,0.0,0.0,1.0
task2_5_still_missed,retrieval_best_rank,1033,52.56437560503388,0.0,0.0,176.0
task2_5_still_missed,retrieval_rrf_score_top100,1033,0.0010167613300059392,0.0,0.0,0.006613802723586562
task2_5_still_missed,independent_strong_signal_count,1033,1.515972894482091,1.0,0.0,3.0
task2_baseline_retrieved,name_levenshtein,31130,0.7304725681516258,0.800000011920929,0.3333333432674408,1.0
task2_baseline_retrieved,name_token_set,31130,0.8792747383574044,1.0,0.5555555820465088,1.0
task2_baseline_retrieved,name_token_jaccard,31130,0.6318507479393057,0.6666666865348816,0.0,1.0
task2_baseline_retrieved,name_char3_jaccard,31130,0.6687136063332482,0.7142857313156128,0.26405164301395423,1.0
task2_baseline_retrieved,transliterated_name_levenshtein,31130,0.7239327365210608,0.7777777910232544,0.3478260934352875,1.0
task2_baseline_retrieved,transliteration_levenshtein_gain,31130,-0.006539831548591749,0.0,-0.0062247931957244785,0.05555558204650879
task2_baseline_retrieved,suffix_name_levenshtein,31130,0.7653991912707323,0.8787878751754761,0.3333333432674408,1.0
task2_baseline_retrieved,address_levenshtein,31130,0.659161738995337,0.7297297120094299,0.22857142984867096,0.9682539701461792
task2_baseline_retrieved,address_token_set,31130,0.8876440970447911,0.9411764144897461,0.7719298601150513,1.0
task2_baseline_retrieved,address_token_jaccard,31130,0.6161692386863462,0.6470588445663452,0.2857142984867096,1.0
task2_baseline_retrieved,address_char3_jaccard,31130,0.6632118718812905,0.694915235042572,0.3484189689159394,0.9629629850387573
task2_baseline_retrieved,address_number_jaccard,31130,0.7288469382355613,1.0,0.0,1.0
task2_baseline_retrieved,address_conflicting_number_count,31130,0.35467394796016705,0.0,0.0,2.0
task2_baseline_retrieved,retrieval_signal_count_top100,31130,3.8301959524574367,4.0,2.0,5.0
task2_baseline_retrieved,retrieval_best_rank,31130,2.9855444908448443,2.0,1.0,5.0
task2_baseline_retrieved,retrieval_rrf_score_top100,31130,0.0576801208685575,0.0618571937084198,0.031278255954384805,0.08039753139019012
task2_baseline_retrieved,independent_strong_signal_count,31130,3.7977834885962096,4.0,2.0,5.0
