feature,positive_count,negative_sample_count,positive_mean,negative_mean,positive_median,negative_median,positive_p10,negative_p10,positive_p90,negative_p90,mean_difference,standardized_mean_difference,univariate_auc,directionless_univariate_auc,constant_in_analysis_sample,analysis_note
retrieval_best_rank,32252,197806,3.2589916904378025,42.872491228779715,2.0,38.0,1.0,9.0,6.0,85.0,-39.61349953834191,-1.984105203486267,0.027455249180245462,0.9725447508197546,False,"All positives plus deterministic candidate-negative sample; descriptive only, not fitted importance."
retrieval_rrf_score_top100,32252,197806,0.05631886815428632,0.015449734618513563,0.06069817580282688,0.012345679104328156,0.03053613007068634,0.0069444444961845875,0.08038914203643799,0.0292735043913126,0.04086913353577276,2.534981935592429,0.9613087174420722,0.9613087174420722,False,"All positives plus deterministic candidate-negative sample; descriptive only, not fitted importance."
independent_strong_signal_count,32252,197806,3.7513022448220266,0.835045448570822,4.0,0.0,2.0,0.0,5.0,3.0,2.9162567962512047,2.3513412119427013,0.9309922521836844,0.9309922521836844,False,"All positives plus deterministic candidate-negative sample; descriptive only, not fitted importance."
address_token_jaccard,32252,197806,0.607715814874527,0.14292720018989716,0.625,0.09090909361839294,0.27272728085517883,0.0,1.0,0.375,0.46478861468462984,2.1545180964679,0.9238174794110516,0.9238174794110516,False,"All positives plus deterministic candidate-negative sample; descriptive only, not fitted importance."
address_char3_jaccard,32252,197806,0.6537145066317473,0.17131422633544532,0.6857143044471741,0.09708737581968307,0.32258063554763794,0.0,0.9552238583564758,0.4314757436513901,0.482400280296302,2.264738848547988,0.9230488255085486,0.9230488255085486,False,"All positives plus deterministic candidate-negative sample; descriptive only, not fitted importance."
address_token_set,32252,197806,0.8830121947769143,0.5335000664150061,0.9393938779830933,0.4736841917037964,0.7619047164916992,0.31111109256744385,1.0,0.8421052098274231,0.34951212836190815,1.7085550843347297,0.9133157862394145,0.9133157862394145,False,"All positives plus deterministic candidate-negative sample; descriptive only, not fitted importance."
address_token_sort,32252,197806,0.8219259092405219,0.4801034565252304,0.8797905743122101,0.4411764442920685,0.611812746524811,0.307692289352417,1.0,0.7150837779045105,0.3418224527152915,1.8016178583971956,0.9126807393458716,0.9126807393458716,False,"All positives plus deterministic candidate-negative sample; descriptive only, not fitted importance."
retrieval_signal_count_top100,32252,197806,3.7434267642316756,1.5221024640304137,4.0,1.0,2.0,1.0,5.0,3.0,2.221324300201262,2.078007496356025,0.9055001841144897,0.9055001841144897,False,"All positives plus deterministic candidate-negative sample; descriptive only, not fitted importance."
retrieval_best_score,32252,197806,0.9530270436103419,0.7083812244664733,0.9810886383056641,0.6943880319595337,0.8444348752498627,0.5062364935874939,1.0237979888916016,0.957875669002533,0.24464581914386851,1.896202651651824,0.8916171546131182,0.8916171546131182,False,"All positives plus deterministic candidate-negative sample; descriptive only, not fitted importance."
name_address_similarity_product,32252,197806,0.7648521211401643,0.2630141836471343,0.8684210181236267,0.2608695328235626,0.14999999105930328,0.12051522731781006,1.0,0.39436617493629456,0.50183793749303,2.3620872546941314,0.8915849392328448,0.8915849392328448,False,"All positives plus deterministic candidate-negative sample; descriptive only, not fitted importance."
retrieval_signal_count_top250,32252,197806,3.9036648889991317,1.7705883542460794,4.0,2.0,2.0,1.0,5.0,3.0,2.1330765347530525,1.9999004646982013,0.8913840962889876,0.8913840962889876,False,"All positives plus deterministic candidate-negative sample; descriptive only, not fitted importance."
number_address_score,32252,197806,0.7038871396656857,0.13517263414196776,0.8425649404525757,0.0,0.0,0.0,0.9597022533416748,0.5809363126754761,0.5687145055237179,1.9524462733874588,0.8871598400219978,0.8871598400219978,False,"All positives plus deterministic candidate-negative sample; descriptive only, not fitted importance."
retrieval_mean_rank_present,32252,197806,14.764995457726732,58.394770804660396,4.666666507720947,55.0,1.399999976158142,15.0,45.599998474121094,103.5,-43.62977534693366,-1.469890763564057,0.11294736878527056,0.8870526312147294,False,"All positives plus deterministic candidate-negative sample; descriptive only, not fitted importance."
name_address_similarity_min,32252,197806,0.7813314160481779,0.3394006749465972,0.8862197697162628,0.3466666638851166,0.1538461446762085,0.1875,1.0,0.46043166518211365,0.4419307411015807,2.076148737876822,0.8851303089195807,0.8851303089195807,False,"All positives plus deterministic candidate-negative sample; descriptive only, not fitted importance."
address_jaro_winkler,32252,197806,0.8190925264201803,0.6186478423888817,0.8763087689876556,0.6191975474357605,0.6472902297973633,0.5197383761405945,0.9882352948188782,0.7441138327121735,0.20044468403129856,1.2106731738827177,0.8837818103840103,0.8837818103840103,False,"All positives plus deterministic candidate-negative sample; descriptive only, not fitted importance."
address_number_jaccard,32252,197806,0.7274796183069845,0.05477384118161352,1.0,0.0,0.0,0.0,1.0,0.1666666716337204,0.6727057771253709,2.1643547585524945,0.8802595149836746,0.8802595149836746,False,"All positives plus deterministic candidate-negative sample; descriptive only, not fitted importance."
address_shared_number_count,32252,197806,1.2143432965397494,0.12555736428621983,1.0,0.0,0.0,0.0,2.0,1.0,1.0887859322535296,1.468604796635134,0.8619517992258494,0.8619517992258494,False,"All positives plus deterministic candidate-negative sample; descriptive only, not fitted importance."
address_conflicting_number_count,32252,197806,0.3581793377154905,2.412555736428622,0.0,2.0,0.0,0.0,2.0,4.0,-2.0543763987131314,-1.6504870642837464,0.1381945043476936,0.8618054956523065,False,"All positives plus deterministic candidate-negative sample; descriptive only, not fitted importance."
baseline_address_score,32252,197806,0.7177835510713091,0.25756880304082913,0.8572039306163788,0.0,0.0,0.0,0.967135751247406,0.7035104334354401,0.46021474803047996,1.4130800783522375,0.8565460863172413,0.8565460863172413,False,"All positives plus deterministic candidate-negative sample; descriptive only, not fitted importance."
name_jaro_winkler,32252,197806,0.8830584539797027,0.6514267381444696,0.9466666579246521,0.6223191916942596,0.6629741132259369,0.44237011671066284,1.0,0.9111111164093018,0.23163171583523312,1.3936093251006085,0.8404679696402237,0.8404679696402237,False,"All positives plus deterministic candidate-negative sample; descriptive only, not fitted importance."
frozen_candidate_position,32252,197806,42.88357311174501,126.86025196404557,8.0,127.0,1.0,27.0,104.0,226.0,-83.97667885230057,-1.3180405306125704,0.16459478037321307,0.8354052196267869,False,"All positives plus deterministic candidate-negative sample; descriptive only, not fitted importance."
transliterated_name_levenshtein,32252,197806,0.719243032879895,0.3735128998352421,0.7714285850524902,0.29032257199287415,0.3333333432674408,0.145454540848732,1.0,0.75,0.3457301330446529,1.411661282222641,0.8341468971952093,0.8341468971952093,False,"All positives plus deterministic candidate-negative sample; descriptive only, not fitted importance."
address_levenshtein,32252,197806,0.6516185968935962,0.3210573753645301,0.7222222089767456,0.25806450843811035,0.2222222238779068,0.15217390656471252,0.9655172228813171,0.5882353186607361,0.33056122152906614,1.4466409676267147,0.8315439019146824,0.8315439019146824,False,"All positives plus deterministic candidate-negative sample; descriptive only, not fitted importance."
address_first_number_exact,32252,197806,0.716606722063748,0.05376985531278121,1.0,0.0,0.0,0.0,1.0,0.0,0.6628368667509668,1.8601108901750982,0.8314184333754834,0.8314184333754834,False,"All positives plus deterministic candidate-negative sample; descriptive only, not fitted importance."
name_char3_jaccard,32252,197806,0.6594021346095017,0.251068016252963,0.7142857313156128,0.1666666716337204,0.2380952388048172,0.0,1.0,0.6785714030265808,0.4083341183565387,1.437924662056379,0.8295444272146157,0.8295444272146157,False,"All positives plus deterministic candidate-negative sample; descriptive only, not fitted importance."
name_token_sort,32252,197806,0.8076858601842316,0.5045629640047792,0.8965517282485962,0.4651162624359131,0.46666666865348816,0.2222222089767456,1.0,0.8518518805503845,0.30312289617945243,1.2428529233059094,0.8217881496052877,0.8217881496052877,False,"All positives plus deterministic candidate-negative sample; descriptive only, not fitted importance."
transliterated_name_token_jaccard,32252,197806,0.6495640587531059,0.22496830332799134,0.6666666865348816,0.1428571492433548,0.0,0.0,1.0,0.6000000238418579,0.4245957554251145,1.4053154712223437,0.8212596096768052,0.8212596096768052,False,"All positives plus deterministic candidate-negative sample; descriptive only, not fitted importance."
transliterated_name_token_set,32252,197806,0.8915283474089393,0.5907635060863367,1.0,0.5600000023841858,0.5406041085720065,0.26229506731033325,1.0,1.0,0.3007648413226026,1.2329297514197846,0.8160704174797528,0.8160704174797528,False,"All positives plus deterministic candidate-negative sample; descriptive only, not fitted importance."
name_token_jaccard,32252,197806,0.6220199508957716,0.22197023460155854,0.6666666865348816,0.1428571492433548,0.0,0.0,1.0,0.6000000238418579,0.40004971629421304,1.3539371209651632,0.8152930530531866,0.8152930530531866,False,"All positives plus deterministic candidate-negative sample; descriptive only, not fitted importance."
name_levenshtein,32252,197806,0.7243386937350841,0.38292887450911023,0.7916666865348816,0.3076923191547394,0.3181818127632141,0.1111111119389534,1.0,0.7727272510528564,0.34140981922597385,1.3126075209517332,0.8107259936963029,0.8107259936963029,False,"All positives plus deterministic candidate-negative sample; descriptive only, not fitted importance."
suffix_name_levenshtein,32252,197806,0.7583679213393842,0.37944047626094524,0.8666666746139526,0.2647058963775635,0.30000001192092896,0.0833333358168602,1.0,0.800000011920929,0.378927445078439,1.3225528391468038,0.8087835870362317,0.8087835870362317,False,"All positives plus deterministic candidate-negative sample; descriptive only, not fitted importance."
address_number_set_exact,32252,197806,0.639061143494977,0.028442008836941247,1.0,0.0,0.0,0.0,1.0,0.0,0.6106191346580357,1.699132933633496,0.8053095673290179,0.8053095673290179,False,"All positives plus deterministic candidate-negative sample; descriptive only, not fitted importance."
suffix_name_token_jaccard,32252,197806,0.6462263110902658,0.22071900350763718,0.6666666865348816,0.0,0.0,0.0,1.0,0.6666666865348816,0.42550730758262867,1.2882300798282407,0.8032955162558418,0.8032955162558418,False,"All positives plus deterministic candidate-negative sample; descriptive only, not fitted importance."
strong_name_and_address,32252,197806,0.6052957956095746,0.0017643549740654985,1.0,0.0,0.0,0.0,1.0,0.0,0.6035314406355091,1.7398038012798671,0.8017657203177546,0.8017657203177546,False,"All positives plus deterministic candidate-negative sample; descriptive only, not fitted importance."
number_address_rank_missing,32252,197806,0.16262557360783828,0.7638393173109006,0.0,1.0,0.0,0.0,1.0,1.0,-0.6012137437030624,-1.5111614431036877,0.19939312814846882,0.8006068718515311,False,"All positives plus deterministic candidate-negative sample; descriptive only, not fitted importance."
name_token_set,32252,197806,0.8724624940764673,0.5773156148120892,1.0,0.5625,0.5201738953590399,0.2222222089767456,1.0,1.0,0.2951468792643781,1.0986050006294203,0.7990981234206216,0.7990981234206216,False,"All positives plus deterministic candidate-negative sample; descriptive only, not fitted importance."
address_number_ordered_exact,32252,197806,0.6213878209103312,0.027906130248829663,1.0,0.0,0.0,0.0,1.0,0.0,0.5934816906615015,1.6385010262060307,0.7967408453307507,0.7967408453307507,False,"All positives plus deterministic candidate-negative sample; descriptive only, not fitted importance."
name_prefix4_exact,32252,197806,0.7713320104179586,0.18203188983145102,1.0,0.0,0.0,0.0,1.0,1.0,0.5893001205865076,1.4612550917185407,0.7946500602932538,0.7946500602932538,False,"All positives plus deterministic candidate-negative sample; descriptive only, not fitted importance."
suffix_name_token_set,32252,197806,0.8721351778614284,0.5578056613661467,1.0,0.48275861144065857,0.52173912525177,0.19512195885181427,1.0,1.0,0.3143295164952816,1.098212831660109,0.7880367217079034,0.7880367217079034,False,"All positives plus deterministic candidate-negative sample; descriptive only, not fitted importance."
name_first_token_exact,32252,197806,0.7326987473645046,0.17492391535140492,1.0,0.0,0.0,0.0,1.0,1.0,0.5577748320130996,1.352451019598835,0.7788874160065498,0.7788874160065498,False,"All positives plus deterministic candidate-negative sample; descriptive only, not fitted importance."
transliterated_name_score,32252,197806,0.706898932082436,0.2839785826784397,0.925456702709198,0.0,0.0,0.0,1.0094135642051696,0.9089747667312622,0.42292034940399637,1.0640106132071423,0.7747750268040554,0.7747750268040554,False,"All positives plus deterministic candidate-negative sample; descriptive only, not fitted importance."
strong_address_and_number,32252,197806,0.5530509735830336,0.004246585037865383,1.0,0.0,0.0,0.0,1.0,0.0,0.5488043885451682,1.5478815320288417,0.7744021942725842,0.7744021942725842,False,"All positives plus deterministic candidate-negative sample; descriptive only, not fitted importance."
suffix_name_score,32252,197806,0.671745550681636,0.2653316104314328,0.904258131980896,0.0,0.0,0.0,1.0126327276229858,0.9006292521953583,0.4064139402502032,1.0052875401033698,0.7545225400674671,0.7545225400674671,False,"All positives plus deterministic candidate-negative sample; descriptive only, not fitted importance."
baseline_name_score,32252,197806,0.6787392407568855,0.33624862437307146,0.8991847634315491,0.0,0.0,0.0,1.0068698525428772,0.9033104181289673,0.34249061638381406,0.8495461797150922,0.7430892568958845,0.7430892568958845,False,"All positives plus deterministic candidate-negative sample; descriptive only, not fitted importance."
address_first_token_exact,32252,197806,0.5301376658811857,0.0457973974500268,1.0,0.0,0.0,0.0,1.0,0.0,0.4843402684311589,1.2658614748447612,0.7421701342155794,0.7421701342155794,False,"All positives plus deterministic candidate-negative sample; descriptive only, not fitted importance."
address_prefix4_exact,32252,197806,0.523130348505519,0.039028138681334236,1.0,0.0,0.0,0.0,1.0,0.0,0.4841022098241847,1.2780088669412013,0.7420511049120924,0.7420511049120924,False,"All positives plus deterministic candidate-negative sample; descriptive only, not fitted importance."
name_length_difference,32252,197806,3.489923105543842,7.8425932479297895,2.0,6.0,0.0,1.0,10.0,17.0,-4.352670142385947,-0.7469556764272848,0.26427053433614345,0.7357294656638566,False,"All positives plus deterministic candidate-negative sample; descriptive only, not fitted importance."
name_length_ratio,32252,197806,0.868891786568169,0.7217686516770236,0.9333333373069763,0.75,0.625,0.4333333373069763,1.0,0.9655172228813171,0.14712313489114537,0.7966657262894593,0.7345363261513593,0.7345363261513593,False,"All positives plus deterministic candidate-negative sample; descriptive only, not fitted importance."
number_address_rank,32252,197806,5.748511720203398,13.319737520600993,2.0,0.0,0.0,0.0,8.0,40.0,-7.571225800397595,-0.25868430279215776,0.7132104900638461,0.7132104900638461,False,"All positives plus deterministic candidate-negative sample; descriptive only, not fitted importance."
baseline_address_rank_missing,32252,197806,0.16690437802306834,0.5868628858578607,0.0,1.0,0.0,0.0,1.0,1.0,-0.4199585078347924,-0.9615522519765182,0.2900207460826038,0.7099792539173961,False,"All positives plus deterministic candidate-negative sample; descriptive only, not fitted importance."
transliterated_name_rank_missing,32252,197806,0.23607838273595436,0.6448489934582369,0.0,1.0,0.0,0.0,1.0,1.0,-0.4087706107222825,-0.90352413690248,0.2956146946388587,0.7043853053611413,False,"All positives plus deterministic candidate-negative sample; descriptive only, not fitted importance."
suffix_name_rank_missing,32252,197806,0.2725722435817934,0.6686804242540672,0.0,1.0,0.0,0.0,1.0,1.0,-0.39610818067227377,-0.8645605636764724,0.30194590966386314,0.6980540903361369,False,"All positives plus deterministic candidate-negative sample; descriptive only, not fitted importance."
suffix_name_exact,32252,197806,0.39529331514324695,0.06581701262853502,0.0,0.0,0.0,0.0,1.0,0.0,0.32947630251471194,0.8499655108761515,0.6647381512573559,0.6647381512573559,False,"All positives plus deterministic candidate-negative sample; descriptive only, not fitted importance."
address_length_ratio,32252,197806,0.8270188695667389,0.7473176939110172,0.8928571343421936,0.7931034564971924,0.5938344597816471,0.4736842215061188,1.0,0.9655172228813171,0.07970117565572166,0.37549877349117133,0.6628750187523147,0.6628750187523147,False,"All positives plus deterministic candidate-negative sample; descriptive only, not fitted importance."
legal_suffix_rescue,32252,197806,0.4056182562321716,0.08338978595189225,0.0,0.0,0.0,0.0,1.0,0.0,0.32222847028027934,0.808700818201732,0.6611142351401396,0.6611142351401396,False,"All positives plus deterministic candidate-negative sample; descriptive only, not fitted importance."
baseline_name_rank_missing,32252,197806,0.2581545330522138,0.5651800248728552,0.0,1.0,0.0,0.0,1.0,1.0,-0.3070254918206414,-0.6566264895758077,0.34648725408967923,0.6535127459103207,False,"All positives plus deterministic candidate-negative sample; descriptive only, not fitted importance."
address_length_difference,32252,197806,9.368907354582662,15.21642922863816,5.0,9.0,0.0,1.0,23.0,39.0,-5.847521874055499,-0.3705436048298188,0.3514889174972504,0.6485110825027496,False,"All positives plus deterministic candidate-negative sample; descriptive only, not fitted importance."
address_number_count_difference,32252,197806,0.31656951506883296,0.7653761766579376,0.0,1.0,0.0,0.0,1.0,2.0,-0.4488066615891046,-0.5383185771975695,0.35737786643941427,0.6426221335605857,False,"All positives plus deterministic candidate-negative sample; descriptive only, not fitted importance."
address_token_count_difference,32252,197806,1.5023564430112861,2.5603874503301216,1.0,1.0,0.0,0.0,4.0,7.0,-1.0580310073188355,-0.38159130842156136,0.36349893438925296,0.636501065610747,False,"All positives plus deterministic candidate-negative sample; descriptive only, not fitted importance."
name_token_count_difference,32252,197806,1.1868411261317127,1.6651163260972872,0.0,1.0,0.0,0.0,3.0,3.0,-0.47827519996557455,-0.19259461192113345,0.3738581358800849,0.6261418641199151,False,"All positives plus deterministic candidate-negative sample; descriptive only, not fitted importance."
transliterated_name_exact,32252,197806,0.26302244822026544,0.02841167608667078,0.0,0.0,0.0,0.0,1.0,0.0,0.23461077213359466,0.7050646416775499,0.6173053860667973,0.6173053860667973,False,"All positives plus deterministic candidate-negative sample; descriptive only, not fitted importance."
suffix_name_rank,32252,197806,15.54173384596304,21.67277534554058,2.0,0.0,0.0,0.0,45.0,80.0,-6.131041499577538,-0.14835134215927298,0.6157932429297579,0.6157932429297579,False,"All positives plus deterministic candidate-negative sample; descriptive only, not fitted importance."
transliterated_name_rank,32252,197806,14.528215304477241,24.021243036106085,2.0,0.0,0.0,0.0,38.0,87.0,-9.493027731628844,-0.22871785917202775,0.6055156993494838,0.6055156993494838,False,"All positives plus deterministic candidate-negative sample; descriptive only, not fitted importance."
name_suffix4_exact,32252,197806,0.42310554384224236,0.22754112615390837,0.0,0.0,0.0,0.0,1.0,1.0,0.195564417688334,0.426831042637043,0.597782208844167,0.597782208844167,False,"All positives plus deterministic candidate-negative sample; descriptive only, not fitted importance."
name_exact,32252,197806,0.2201103807515813,0.026429936402333598,0.0,0.0,0.0,0.0,1.0,0.0,0.1936804443492477,0.6165022718859852,0.596840222174624,0.596840222174624,False,"All positives plus deterministic candidate-negative sample; descriptive only, not fitted importance."
task2_5_augmentation_only,32252,197806,0.034788540245566164,0.2122180318089441,0.0,0.0,0.0,0.0,0.0,1.0,-0.17742949156337795,-0.5600185196337908,0.411285254218311,0.588714745781689,False,"All positives plus deterministic candidate-negative sample; descriptive only, not fitted importance."
task2_baseline_member,32252,197806,0.9652114597544338,0.7877819681910558,1.0,1.0,1.0,0.0,1.0,1.0,0.17742949156337795,0.5600185196337908,0.588714745781689,0.588714745781689,False,"All positives plus deterministic candidate-negative sample; descriptive only, not fitted importance."
suffix_levenshtein_gain,32252,197806,0.034029227529625734,-0.0034883983500141606,0.0,0.0,-0.07655501365661621,-0.1388888955116272,0.2222222089767456,0.1428571492433548,0.037517625879639895,0.27839812073006737,0.5699605129952373,0.5699605129952373,False,"All positives plus deterministic candidate-negative sample; descriptive only, not fitted importance."
baseline_address_rank,32252,197806,7.488589854892719,23.478691242934996,2.0,0.0,0.0,0.0,12.0,80.0,-15.990101388042277,-0.5245841287065953,0.5582249505777372,0.5582249505777372,False,"All positives plus deterministic candidate-negative sample; descriptive only, not fitted importance."
high_name_numeric_conflict,32252,197806,0.044028277316135435,0.1587515039988676,0.0,0.0,0.0,0.0,0.0,1.0,-0.11472322668273216,-0.38712887157297754,0.44263838665863386,0.5573616133413661,False,"All positives plus deterministic candidate-negative sample; descriptive only, not fitted importance."
candidate_source_s3,32252,197806,0.5124643432965398,0.41815212885352315,1.0,0.0,0.0,0.0,1.0,1.0,0.09431221444301663,0.18993078955371942,0.5471561072215083,0.5471561072215083,False,"All positives plus deterministic candidate-negative sample; descriptive only, not fitted importance."
address_suffix4_exact,32252,197806,0.30506635247426517,0.21496314570842137,0.0,0.0,0.0,0.0,1.0,1.0,0.0901032067658438,0.20650592421920935,0.5450516033829219,0.5450516033829219,False,"All positives plus deterministic candidate-negative sample; descriptive only, not fitted importance."
address_exact,32252,197806,0.08520401835545083,0.00033366025297513726,0.0,0.0,0.0,0.0,0.0,0.0,0.08487035810247569,0.4289943859705421,0.5424351790512378,0.5424351790512378,False,"All positives plus deterministic candidate-negative sample; descriptive only, not fitted importance."
baseline_name_rank,32252,197806,14.557701847947413,26.531308453737502,2.0,0.0,0.0,0.0,39.0,86.0,-11.973606605790089,-0.309432172450878,0.5362303861460181,0.5362303861460181,False,"All positives plus deterministic candidate-negative sample; descriptive only, not fitted importance."
one_address_missing_numbers,32252,197806,0.09183926578196701,0.14126972892632175,0.0,0.0,0.0,0.0,0.0,1.0,-0.049430463144354744,-0.15450135434635465,0.4752847684278227,0.5247152315721773,False,"All positives plus deterministic candidate-negative sample; descriptive only, not fitted importance."
high_address_weak_name,32252,197806,0.07642936872131961,0.04067116265431787,0.0,0.0,0.0,0.0,0.0,0.0,0.035758206067001745,0.15274804387866564,0.5178791030335008,0.5178791030335008,False,"All positives plus deterministic candidate-negative sample; descriptive only, not fitted importance."
candidate_name_non_ascii,32252,197806,0.13794493364752575,0.11695297412616402,0.0,0.0,0.0,0.0,1.0,1.0,0.020991959521361722,0.06298028821910809,0.510495979760681,0.510495979760681,False,"All positives plus deterministic candidate-negative sample; descriptive only, not fitted importance."
cross_script_name,32252,197806,0.13794493364752575,0.11695297412616402,0.0,0.0,0.0,0.0,1.0,1.0,0.020991959521361722,0.06298028821910809,0.510495979760681,0.510495979760681,False,"All positives plus deterministic candidate-negative sample; descriptive only, not fitted importance."
both_addresses_have_numbers,32252,197806,0.8695584769936748,0.849948939870378,1.0,1.0,0.0,0.0,1.0,1.0,0.019609537123296827,0.056494714196262154,0.5098047685616485,0.5098047685616485,False,"All positives plus deterministic candidate-negative sample; descriptive only, not fitted importance."
both_addresses_present,32252,197806,0.9630410517177229,0.9808499236625785,1.0,1.0,1.0,1.0,1.0,1.0,-0.017808871944855587,-0.10800564164819536,0.4910955640275722,0.5089044359724277,False,"All positives plus deterministic candidate-negative sample; descriptive only, not fitted importance."
candidate_address_missing,32252,197806,0.03695894828227707,0.019150076337421513,0.0,0.0,0.0,0.0,0.0,0.0,0.017808871944855555,0.10800564164819518,0.5089044359724277,0.5089044359724277,False,"All positives plus deterministic candidate-negative sample; descriptive only, not fitted importance."
candidate_address_has_numbers,32252,197806,0.8769378643184919,0.8849630445992538,1.0,1.0,0.0,0.0,1.0,1.0,-0.008025180280761934,-0.024782694531858093,0.49598740985961903,0.5040125901403809,False,"All positives plus deterministic candidate-negative sample; descriptive only, not fitted importance."
transliteration_levenshtein_gain,32252,197806,-0.005095660765903099,-0.009415974632322445,0.0,0.0,-0.006348872184753417,-0.1071428656578064,0.0625,0.07423970848321915,0.004320313866419346,0.040766667870385576,0.5024246279026826,0.5024246279026826,False,"All positives plus deterministic candidate-negative sample; descriptive only, not fitted importance."
s1_address_has_numbers,32252,197806,0.9540183554508248,0.9562045640678241,1.0,1.0,1.0,1.0,1.0,1.0,-0.0021862086169992523,-0.010558516050818085,0.4989068956915004,0.5010931043084996,False,"All positives plus deterministic candidate-negative sample; descriptive only, not fitted importance."
transliteration_rescue,32252,197806,0.003627682004216793,0.0021738471027168034,0.0,0.0,0.0,0.0,0.0,0.0,0.0014538349014999894,0.027035184246877644,0.5007269174507499,0.5007269174507499,False,"All positives plus deterministic candidate-negative sample; descriptive only, not fitted importance."
candidate_name_missing,32252,197806,0.0,5.055458378411171e-06,0.0,0.0,0.0,0.0,0.0,0.0,-5.055458378411171e-06,-0.0031797748147313187,0.4999974722708108,0.5000025277291892,False,"All positives plus deterministic candidate-negative sample; descriptive only, not fitted importance."
both_addresses_missing,32252,197806,0.0,0.0,0.0,0.0,0.0,0.0,0.0,0.0,0.0,0.0,0.5,0.5,True,"All positives plus deterministic candidate-negative sample; descriptive only, not fitted importance."
s1_address_missing,32252,197806,0.0,0.0,0.0,0.0,0.0,0.0,0.0,0.0,0.0,0.0,0.5,0.5,True,"All positives plus deterministic candidate-negative sample; descriptive only, not fitted importance."
s1_name_missing,32252,197806,0.0,0.0,0.0,0.0,0.0,0.0,0.0,0.0,0.0,0.0,0.5,0.5,True,"All positives plus deterministic candidate-negative sample; descriptive only, not fitted importance."
s1_name_non_ascii,32252,197806,0.0,0.0,0.0,0.0,0.0,0.0,0.0,0.0,0.0,0.0,0.5,0.5,True,"All positives plus deterministic candidate-negative sample; descriptive only, not fitted importance."
