match_group,label,feature,rows,mean,median,p10,p90
1,0,name_levenshtein,49708,0.38374711321718546,0.3055555522441864,0.1111111119389534,0.7777777910232544
1,0,name_token_set,49708,0.5775302043918334,0.5600000023841858,0.2222222089767456,1.0
1,0,name_token_jaccard,49708,0.22382880408663688,0.1428571492433548,0.0,0.6000000238418579
1,0,name_char3_jaccard,49708,0.25204540454412927,0.16129031777381897,0.0,0.6842105388641357
1,0,transliterated_name_levenshtein,49708,0.3733806667050224,0.28947368264198303,0.1428571492433548,0.7575757503509521
1,0,transliteration_levenshtein_gain,49708,-0.010366446476714785,0.0,-0.11363636702299118,0.07407406941056252
1,0,suffix_name_levenshtein,49708,0.37853800752791866,0.261904776096344,0.0833333358168602,0.800000011920929
1,0,address_levenshtein,49708,0.3225932793833847,0.25925925374031067,0.1538461595773697,0.5897436141967773
1,0,address_token_set,49708,0.5355492918987081,0.4761904776096344,0.3125,0.8433734774589539
1,0,address_token_jaccard,49708,0.14449081187990603,0.09090909361839294,0.0,0.38461539149284363
1,0,address_char3_jaccard,49708,0.17384516641296877,0.10182412713766098,0.0,0.4363636374473572
1,0,address_number_jaccard,49708,0.05406173052110508,0.0,0.0,0.1666666716337204
1,0,address_conflicting_number_count,49708,2.4402108312545265,2.0,0.0,4.0
1,0,retrieval_signal_count_top100,49708,1.5235374587591535,1.0,1.0,3.0
1,0,retrieval_best_rank,49708,41.8723947855476,37.0,8.0,85.0
1,0,retrieval_rrf_score_top100,49708,0.015650853410350007,0.012658228166401386,0.00699300691485405,0.029629128426313402
1,0,independent_strong_signal_count,49708,0.8406695099380381,0.0,0.0,3.0
1,1,name_levenshtein,2416,0.7268777771248476,0.800000011920929,0.27636364102363586,1.0
1,1,name_token_set,2416,0.8647348963461249,1.0,0.45176251232624054,1.0
1,1,name_token_jaccard,2416,0.6247585947619171,0.6666666865348816,0.0,1.0
1,1,name_char3_jaccard,2416,0.6630333793775135,0.7204651236534119,0.1929280385375023,1.0
1,1,transliterated_name_levenshtein,2416,0.7247081178144879,0.7777777910232544,0.3333333432674408,1.0
1,1,transliteration_levenshtein_gain,2416,-0.00216965919779922,0.0,-0.005185723304748535,0.08333331346511841
1,1,suffix_name_levenshtein,2416,0.7620563525205404,0.8947368264198303,0.2343137264251709,1.0
1,1,address_levenshtein,2416,0.6518728084791303,0.7250000238418579,0.2329457402229309,0.9545219540596008
1,1,address_token_set,2416,0.8840319016294567,0.9387754797935486,0.7701575756072998,1.0
1,1,address_token_jaccard,2416,0.606445684634297,0.625,0.2857142984867096,1.0
1,1,address_char3_jaccard,2416,0.6530744115219125,0.6829268336296082,0.31873075664043427,0.9449494779109955
1,1,address_number_jaccard,2416,0.7450577509928716,1.0,0.0,1.0
1,1,address_conflicting_number_count,2416,0.339817880794702,0.0,0.0,1.0
1,1,retrieval_signal_count_top100,2416,3.755794701986755,4.0,2.0,5.0
1,1,retrieval_best_rank,2416,2.3406456953642385,1.0,1.0,3.0
1,1,retrieval_rrf_score_top100,2416,0.057753061382863236,0.06269383430480957,0.03154495730996132,0.08170279860496521
1,1,independent_strong_signal_count,2416,3.7528973509933774,4.0,2.0,5.0
2,0,name_levenshtein,49834,0.38108858499914755,0.3070719689130783,0.1111111119389534,0.7727272510528564
2,0,name_token_set,49834,0.5764810706683485,0.5652173757553101,0.2222222089767456,1.0
2,0,name_token_jaccard,49834,0.2208766925613673,0.1666666716337204,0.0,0.6000000238418579
2,0,name_char3_jaccard,49834,0.25001029352431253,0.1666666716337204,0.0,0.6785714030265808
2,0,transliterated_name_levenshtein,49834,0.372390943729706,0.28947368264198303,0.14473684132099152,0.75
2,0,transliteration_levenshtein_gain,49834,-0.008697641226869121,0.0,-0.10711141824722288,0.07500000074505805
2,0,suffix_name_levenshtein,49834,0.3781504936963837,0.2666666805744171,0.0833333358168602,0.800000011920929
2,0,address_levenshtein,49834,0.32109037398218226,0.2571428716182709,0.1515151560306549,0.5909090638160706
2,0,address_token_set,49834,0.5329904109906384,0.46875,0.3103448152542114,0.8440366983413696
2,0,address_token_jaccard,49834,0.1430839065459884,0.09090909361839294,0.0,0.38461539149284363
2,0,address_char3_jaccard,49834,0.17097893627727506,0.0923076942563057,0.0,0.4337349534034729
2,0,address_number_jaccard,49834,0.05469809449222687,0.0,0.0,0.1666666716337204
2,0,address_conflicting_number_count,49834,2.406549745153911,2.0,0.0,4.0
2,0,retrieval_signal_count_top100,49834,1.5242605450094313,1.0,1.0,3.0
2,0,retrieval_best_rank,49834,42.46494361279448,37.0,9.0,85.0
2,0,retrieval_rrf_score_top100,49834,0.015546861848553478,0.012500000186264515,0.0069444444961845875,0.02941812574863434
2,0,independent_strong_signal_count,49834,0.8370590359995184,0.0,0.0,3.0
2,1,name_levenshtein,4843,0.7256063640143798,0.800000011920929,0.29411765933036804,1.0
2,1,name_token_set,4843,0.8706592334564771,1.0,0.5116279125213623,1.0
2,1,name_token_jaccard,4843,0.6240185479361017,0.6666666865348816,0.0,1.0
2,1,name_char3_jaccard,4843,0.6602476995319879,0.7142857313156128,0.22580644488334656,1.0
2,1,transliterated_name_levenshtein,4843,0.7189835972327069,0.7777777910232544,0.3333333432674408,1.0
2,1,transliteration_levenshtein_gain,4843,-0.006622766665522037,0.0,-0.010548955202102653,0.06666666269302368
2,1,suffix_name_levenshtein,4843,0.7591034119012999,0.875,0.29411765933036804,1.0
2,1,address_levenshtein,4843,0.6503532551368997,0.7250000238418579,0.2222222238779068,0.9523809552192688
2,1,address_token_set,4843,0.8825806125140058,0.9387754797935486,0.7567567229270935,1.0
2,1,address_token_jaccard,4843,0.6020596104610774,0.625,0.27272728085517883,1.0
2,1,address_char3_jaccard,4843,0.6509324570738153,0.6842105388641357,0.324459445476532,0.9375
2,1,address_number_jaccard,4843,0.7174436849594461,1.0,0.0,1.0
2,1,address_conflicting_number_count,4843,0.3724963865372703,0.0,0.0,2.0
2,1,retrieval_signal_count_top100,4843,3.7284740863101384,4.0,2.0,5.0
2,1,retrieval_best_rank,4843,2.4049143093124097,1.0,1.0,3.0
2,1,retrieval_rrf_score_top100,4843,0.05701299129944697,0.06142435967922211,0.03151364624500275,0.08118237555027008
2,1,independent_strong_signal_count,4843,3.7235184802808177,4.0,2.0,5.0
3-5,0,name_levenshtein,49404,0.3834058254866412,0.3076923191547394,0.1111111119389534,0.7714285850524902
3-5,0,name_token_set,49404,0.5784560756528022,0.5625,0.22727271914482117,1.0
3-5,0,name_token_jaccard,49404,0.22275082098457213,0.1428571492433548,0.0,0.6000000238418579
3-5,0,name_char3_jaccard,49404,0.2519267834259446,0.1666666716337204,0.0,0.6774193644523621
3-5,0,transliterated_name_levenshtein,49404,0.37412476704629194,0.2916666567325592,0.1459035530686379,0.75
3-5,0,transliteration_levenshtein_gain,49404,-0.009281058398462001,0.0,-0.10465117394924164,0.07499998807907104
3-5,0,suffix_name_levenshtein,49404,0.3804937519099008,0.2647058963775635,0.08695652335882187,0.800000011920929
3-5,0,address_levenshtein,49404,0.3207573248310229,0.25806450843811035,0.15189872682094574,0.5882353186607361
3-5,0,address_token_set,49404,0.5329440336284761,0.47457626461982727,0.30985915660858154,0.8405796885490417
3-5,0,address_token_jaccard,49404,0.14261058551114486,0.09090909361839294,0.0,0.375
3-5,0,address_char3_jaccard,49404,0.17087084864656887,0.09803921729326248,0.0,0.4318181872367859
3-5,0,address_number_jaccard,49404,0.05752384262561373,0.0,0.0,0.20000000298023224
3-5,0,address_conflicting_number_count,49404,2.4048862440288237,2.0,0.0,4.0
3-5,0,retrieval_signal_count_top100,49404,1.516273985912072,1.0,1.0,3.0
3-5,0,retrieval_best_rank,49404,43.14865193101773,38.0,10.0,85.0
3-5,0,retrieval_rrf_score_top100,49404,0.015339391302413824,0.012195121496915817,0.0069444444961845875,0.029052730277180673
3-5,0,independent_strong_signal_count,49404,0.8338191239575743,0.0,0.0,3.0
3-5,1,name_levenshtein,9366,0.7259998857173945,0.7954545617103577,0.3333333432674408,1.0
3-5,1,name_token_set,9366,0.8728642435511723,1.0,0.5300119817256927,1.0
3-5,1,name_token_jaccard,9366,0.6228888417818265,0.6666666865348816,0.0,1.0
3-5,1,name_char3_jaccard,9366,0.6616003565993792,0.7142857313156128,0.25,1.0
3-5,1,transliterated_name_levenshtein,9366,0.7216251525887116,0.7714285850524902,0.3461538553237915,1.0
3-5,1,transliteration_levenshtein_gain,9366,-0.0043747330375991005,0.0,-0.0046457648277282715,0.0625
3-5,1,suffix_name_levenshtein,9366,0.7578454561387957,0.865765780210495,0.30000001192092896,1.0
3-5,1,address_levenshtein,9366,0.6526382812220279,0.7241379022598267,0.22009174525737762,0.9666666388511658
3-5,1,address_token_set,9366,0.8830861084428884,0.9404367506504059,0.7619047164916992,1.0
3-5,1,address_token_jaccard,9366,0.609424154566708,0.6363636255264282,0.2666666805744171,1.0
3-5,1,address_char3_jaccard,9366,0.6553933389871491,0.6887067556381226,0.3333333432674408,0.9629629850387573
3-5,1,address_number_jaccard,9366,0.7337508779667443,1.0,0.0,1.0
3-5,1,address_conflicting_number_count,9366,0.35522101217168484,0.0,0.0,2.0
3-5,1,retrieval_signal_count_top100,9366,3.754430920350203,4.0,2.0,5.0
3-5,1,retrieval_best_rank,9366,3.1243860773008754,2.0,1.0,5.0
3-5,1,retrieval_rrf_score_top100,9366,0.05668029638264625,0.061093900352716446,0.03100961446762085,0.08040593564510345
3-5,1,independent_strong_signal_count,9366,3.7690582959641254,4.0,2.0,5.0
6+,0,name_levenshtein,48860,0.3834911481817369,0.3103448152542114,0.1111111119389534,0.7666666507720947
6+,0,name_token_set,48860,0.5767953226846771,0.5625,0.2222222089767456,1.0
6+,0,name_token_jaccard,48860,0.22040547226836604,0.1666666716337204,0.0,0.6000000238418579
6+,0,name_char3_jaccard,48860,0.2502841440439636,0.1666666716337204,0.0,0.675000011920929
6+,0,transliterated_name_levenshtein,48860,0.37417307006253514,0.2916666567325592,0.1463414579629898,0.75
6+,0,transliteration_levenshtein_gain,48860,-0.00931807807284532,0.0,-0.10526315867900848,0.0729166716337204
6+,0,suffix_name_levenshtein,48860,0.3806093030465089,0.2666666805744171,0.0833333358168602,0.800000011920929
6+,0,address_levenshtein,48860,0.3197645494635085,0.25806450843811035,0.15314395874738698,0.5833333134651184
6+,0,address_token_set,48860,0.5324973138947401,0.4735284745693207,0.3125,0.837837815284729
6+,0,address_token_jaccard,48860,0.14149676050820795,0.09090909361839294,0.0,0.375
6+,0,address_char3_jaccard,48860,0.16952964808588686,0.09677419066429138,0.0,0.4234234094619751
6+,0,address_number_jaccard,48860,0.05279494813806177,0.0,0.0,0.1428571492433548
6+,0,address_conflicting_number_count,48860,2.3983012689316414,2.0,0.0,4.0
6+,0,retrieval_signal_count_top100,48860,1.524334834220221,1.0,1.0,3.0
6+,0,retrieval_best_rank,48860,44.026381498158,40.0,11.0,85.0
6+,0,retrieval_rrf_score_top100,48860,0.015257633715979312,0.012048192322254181,0.0069444444961845875,0.028991596773266792
6+,0,independent_strong_signal_count,48860,0.8285100286532951,0.0,0.0,3.0
6+,1,name_levenshtein,15627,0.7225576431982812,0.7894737124443054,0.3333333432674408,1.0
6+,1,name_token_set,15627,0.8739752784700828,1.0,0.531764674186707,1.0
6+,1,name_token_jaccard,15627,0.6204563877623667,0.6666666865348816,0.0,1.0
6+,1,name_char3_jaccard,15627,0.6572611795038313,0.7058823704719543,0.24082758128643056,1.0
6+,1,transliterated_name_levenshtein,15627,0.7170507930670442,0.7666666507720947,0.3333333432674408,1.0
6+,1,transliteration_levenshtein_gain,15627,-0.005506850054952801,0.0,-0.006896555423736572,0.0625
6+,1,suffix_name_levenshtein,15627,0.7578828748521301,0.8636363744735718,0.3125,1.0
6+,1,address_levenshtein,15627,0.6513602946933621,0.7209302186965942,0.2222222238779068,0.9666666388511658
6+,1,address_token_set,15627,0.8829439965141646,0.9393938779830933,0.7619047164916992,1.0
6+,1,address_token_jaccard,15627,0.6086412210995072,0.625,0.2666666805744171,1.0
6+,1,address_char3_jaccard,15627,0.6536694558832821,0.6865671873092651,0.3161891996860505,0.9552238583564758
6+,1,address_number_jaccard,15627,0.7241135620364089,1.0,0.0,1.0
6+,1,address_conflicting_number_count,15627,0.3583541306712741,0.0,0.0,2.0
6+,1,retrieval_signal_count_top100,15627,3.739553337172842,4.0,2.0,5.0
6+,1,retrieval_best_rank,15627,3.7463364689319767,2.0,1.0,6.0
6+,1,retrieval_rrf_score_top100,15627,0.0556653974933102,0.05999702215194702,0.03009049780666828,0.07940510660409927
6+,1,independent_strong_signal_count,15627,3.7490241249120113,4.0,2.0,5.0
