eval_index,source1_entity_id,candidate_entity_id,s1_name,candidate_name,s1_address,candidate_address,candidate_source,match_group,split,label,s1_name_missing,candidate_name_missing,s1_address_missing,candidate_address_missing,both_addresses_present,both_addresses_missing,candidate_source_s3,s1_name_non_ascii,candidate_name_non_ascii,cross_script_name,country_exact,name_exact,name_levenshtein,name_jaro_winkler,name_token_sort,name_token_set,name_token_jaccard,name_char3_jaccard,name_length_ratio,name_length_difference,name_token_count_difference,name_first_token_exact,name_prefix4_exact,name_suffix4_exact,transliterated_name_exact,transliterated_name_levenshtein,transliterated_name_token_set,transliterated_name_token_jaccard,suffix_name_exact,suffix_name_levenshtein,suffix_name_token_set,suffix_name_token_jaccard,address_exact,address_levenshtein,address_jaro_winkler,address_token_sort,address_token_set,address_token_jaccard,address_char3_jaccard,address_length_ratio,address_length_difference,address_token_count_difference,address_first_token_exact,address_prefix4_exact,address_suffix4_exact,s1_address_has_numbers,candidate_address_has_numbers,both_addresses_have_numbers,one_address_missing_numbers,address_number_set_exact,address_number_ordered_exact,address_first_number_exact,address_number_jaccard,address_shared_number_count,address_conflicting_number_count,address_number_count_difference,transliteration_levenshtein_gain,suffix_levenshtein_gain,baseline_name_rank,baseline_name_rank_missing,baseline_name_score,baseline_address_rank,baseline_address_rank_missing,baseline_address_score,transliterated_name_rank,transliterated_name_rank_missing,transliterated_name_score,number_address_rank,number_address_rank_missing,number_address_score,suffix_name_rank,suffix_name_rank_missing,suffix_name_score,retrieval_signal_count_top100,retrieval_signal_count_top250,retrieval_best_rank,retrieval_mean_rank_present,retrieval_best_score,retrieval_rrf_score_top100,frozen_candidate_position,task2_baseline_member,task2_5_augmentation_only,name_address_similarity_min,name_address_similarity_product,strong_name_and_address,transliteration_rescue,legal_suffix_rescue,strong_address_and_number,high_name_numeric_conflict,high_address_weak_name,independent_strong_signal_count,weak_pair_score,sample_reason,sample_score
8178,S1-653367028,S2-444599782,Helen Sports (India) Pvt Ltd,Helen Sports Pvt Ltd Center,"R.No. B-15 Plot No 29 Panch Pakhadi Shradha Hsg Society, Thane, Maharashtra",,S2,3-5,train,1,False,False,False,True,False,False,False,False,False,False,True,False,0.5185185,0.8958301,0.75471693,0.8695652,0.6666667,0.53125,0.962963,1,0,True,True,False,False,0.5185185,0.8695652,0.6666667,False,0.5185185,0.79999995,0.33333334,False,0.0,0.0,0.0,0.0,0.0,0.0,0.0,72,14,False,False,False,True,False,False,True,False,False,False,0.0,0,0,2,0.0,0.0,0,True,0.0,0,True,0.0,3,False,0.82101274,0,True,0.0,4,False,0.9068112,2,2,3,3.5,0.9068112,0.031498015,198,False,True,0.0,0.0,False,False,False,False,False,False,2,0.28985506,task2_5_recovered_positive,0.71014494
6177,S1-545039712,S2-133314908,Patterson Mountain Purecycle Inc,Patterson Mountain Inc Services,"67 Stonybrook Court, Brownsburg, IN",,S2,6+,train,1,False,False,False,True,False,False,False,False,False,False,True,False,0.625,0.92072135,0.8253968,0.83018863,0.6,0.475,0.96875,1,0,True,True,False,False,0.625,0.8732394,0.6666667,False,0.67741936,0.7826087,0.4,False,0.0,0.0,0.0,0.0,0.0,0.0,0.0,33,5,False,False,False,True,False,False,True,False,False,False,0.0,0,0,1,0.0,0.052419364,0,True,0.0,0,True,0.0,0,True,0.0,0,True,0.0,49,False,0.69319946,1,1,49,49.0,0.69319946,0.0091743115,247,False,True,0.0,0.0,False,False,False,False,False,False,1,0.2910798,task2_5_recovered_positive,0.70892024
6370,S1-445708391,S2-731289287,East Innovative Media LLP,ಈಸ್ಟ್ ಇನೋವೇಟಿವ್ ಮೀಡಿಯಾ ಎಲ್ಎಲ್‌ಪಿ,"No-3350, First Floor, Banashankari 2Nd Stage, K.R Road, Bangalore, Karnataka","NO-1350, BENGALURU URBAN, Karnataka",S2,2,train,1,False,False,False,False,True,False,False,False,True,True,True,False,0.11111111,0.41037038,0.115384616,0.13333333,0.0,0.0,0.9259259,2,8,False,False,False,False,0.44067797,0.35294116,0.0,False,0.074074075,0.09756098,0.0,False,0.36619717,0.64747036,0.5,0.5333333,0.13333334,0.17073171,0.46478873,38,7,True,False,True,True,True,True,False,False,False,False,0.0,0,4,2,0.32956687,-0.037037037,0,True,0.0,0,True,0.0,0,True,0.0,30,False,0.5672214,0,True,0.0,1,1,30,30.0,0.5672214,0.011111111,211,False,True,0.13333333,0.071111105,False,False,False,False,False,False,0,0.29542482,task2_5_recovered_positive,0.7045752
476,S1-661138404,S2-425276889,Select Piedmont Nmp Co,SELECT PILEAONTM NMP CO,"23502 11th Terrace, Independence, MO",,S2,3-5,train,1,False,False,False,True,False,False,False,False,False,False,True,False,0.82608694,0.95447016,0.88888884,0.88888884,0.6,0.4642857,0.95652175,1,0,True,True,True,False,0.82608694,0.88888884,0.6,False,0.8,0.8717949,0.5,False,0.0,0.0,0.0,0.0,0.0,0.0,0.0,34,5,False,False,False,True,False,False,True,False,False,False,0.0,0,0,2,0.0,-0.026086926,0,True,0.0,0,True,0.0,32,False,0.7782701,0,True,0.0,0,True,0.0,1,1,32,32.0,0.7782701,0.010869565,232,False,True,0.0,0.0,False,False,False,False,False,False,2,0.29629627,task2_5_recovered_positive,0.70370376
2567,S1-290453068,S2-928151292,Ruiz & Castellano Corporation,Ruiz  & Csaeellnao Corporation,"WA, 1713 145th Place, Lynnwood",,S2,6+,train,1,False,False,False,True,False,False,False,False,False,False,True,False,0.8148148,0.9698006,0.5925926,0.88888884,0.5,0.47058824,1.0,0,0,True,True,True,False,0.8333333,0.8219178,0.33333334,False,0.6666667,0.79999995,0.33333334,False,0.0,0.0,0.0,0.0,0.0,0.0,0.0,28,5,False,False,False,True,False,False,True,False,False,False,0.0,0,0,2,0.018518507,-0.14814812,0,True,0.0,0,True,0.0,18,False,0.62819344,0,True,0.0,0,True,0.0,1,1,18,18.0,0.62819344,0.012820513,217,False,True,0.0,0.0,False,False,False,False,False,False,1,0.29629627,task2_5_recovered_positive,0.70370376
7547,S1-954373687,S2-859847640,LVD Touch Limited,LVD Tóuch Ltd,"D-112, Magarpatta City, Pune City, Pune, Maharashtra",,S2,6+,train,1,False,False,False,True,False,False,False,False,True,True,True,False,0.7058824,0.92579186,0.79999995,0.79999995,0.2,0.3,0.7647059,4,0,True,True,False,False,0.7647059,0.8666666,0.5,False,0.8888889,0.88888884,0.33333334,False,0.0,0.0,0.0,0.0,0.0,0.0,0.0,48,8,False,False,False,True,False,False,True,False,False,False,0.0,0,0,1,0.058823526,0.18300653,0,True,0.0,0,True,0.0,14,False,0.89925957,0,True,0.0,0,True,0.0,1,1,14,14.0,0.89925957,0.013513514,220,False,True,0.0,0.0,False,False,False,False,False,False,1,0.29629627,task2_5_recovered_positive,0.70370376
4894,S1-558123269,S2-425108012,"Emlynn Phillips, M.D., M.D., P.C.","EMLYNN PHLLTLIIS, M.D., M.D., P.C.","1262 Main Street, Acushnet, MA",,S2,6+,train,1,False,False,False,True,False,False,False,False,False,False,True,False,0.89285713,0.93215305,0.9090909,0.893617,0.71428573,0.5,0.96428573,1,0,True,True,True,False,0.8888889,0.88,0.6,False,0.89285713,0.893617,0.71428573,False,0.0,0.0,0.0,0.0,0.0,0.0,0.0,28,5,False,False,False,True,False,False,True,False,False,False,0.0,0,0,1,-0.003968239,0.0,0,True,0.0,0,True,0.0,9,False,0.68308437,0,True,0.0,11,False,0.69695216,2,2,9,10.0,0.69695216,0.02857726,199,False,True,0.0,0.0,False,False,False,False,False,False,2,0.29787233,task2_5_recovered_positive,0.7021277
341,S1-624026887,S2-699118909,Saloor L.L.C.,SALORO L.L.C.,"36 Winders Creek Drive, Rocky Mount, NC",,S2,6+,train,1,False,False,False,True,False,False,False,False,False,False,True,False,0.8333333,0.98333335,0.9166666,0.9,0.5,0.3846154,1.0,0,0,False,True,True,False,0.5,0.7692308,0.4,False,0.8333333,0.9,0.5,False,0.0,0.0,0.0,0.0,0.0,0.0,0.0,37,7,False,False,False,True,False,False,True,False,False,False,0.0,0,0,1,-0.3333333,0.0,210,False,0.48341054,0,True,0.0,6,False,0.6979073,0,True,0.0,0,True,0.0,1,2,6,108.0,0.6979073,0.015151516,196,False,True,0.0,0.0,False,False,False,False,False,False,2,0.29999998,task2_5_recovered_positive,0.70000005
7282,S1-255849565,S3-612090738,Aasia (India) Servicesprivate Pvt Ltd,Aasia (India) Pvt Ltd Services,"D-22, Deep Vila Mbs Nagar, Deep Vila Mbs Nagar, Kota, Rajasthan",,S3,3-5,train,1,False,False,False,True,False,False,True,False,False,False,True,False,0.42857143,0.9028571,0.88888884,0.88888884,0.6666667,0.62857145,0.8,7,0,True,True,False,False,0.42857143,0.90410954,0.71428573,False,0.53571427,0.7272727,0.33333334,False,0.0,0.0,0.0,0.0,0.0,0.0,0.0,59,12,False,False,False,True,False,False,True,False,False,False,0.0,0,0,1,0.0,0.107142836,181,False,0.70926046,0,True,0.0,0,True,0.0,0,True,0.0,2,False,0.7548604,1,2,2,91.5,0.7548604,0.016129032,202,False,True,0.0,0.0,False,False,False,False,False,False,2,0.30136985,task2_5_recovered_positive,0.69863015
2208,S1-476069451,S3-740676690,Dynamic Ram Estate Private Limited,Dynamic Ram Private Limited Center,"E-4 Udyog Nagar, Rohtak Road, New Delhi, North West, Delhi",,S3,1,validation,1,False,False,False,True,False,False,True,False,False,False,True,False,0.5882353,0.90664136,0.7941176,0.9117647,0.6666667,0.6315789,1.0,0,0,True,True,False,False,0.5882353,0.9117647,0.6666667,False,0.47058824,0.7586207,0.33333334,False,0.0,0.0,0.0,0.0,0.0,0.0,0.0,54,11,False,False,False,True,False,False,True,False,False,False,0.0,0,0,1,0.0,-0.11764708,215,False,0.6959731,0,True,0.0,72,False,0.83358455,0,True,0.0,0,True,0.0,1,2,72,143.5,0.83358455,0.007575758,217,False,True,0.0,0.0,False,False,False,False,False,False,2,0.30392155,task2_5_recovered_positive,0.6960784
6798,S1-716353284,S3-632550356,Fran Zimmerman Ridge Twin LLC,Fran Zimheermna Zimheermna Ridge Twin LLC,"Fl 0, MO, 5070 Crosswood Drive, Saint Louis",,S3,3-5,train,1,False,False,False,True,False,False,True,False,False,False,True,False,0.68292683,0.8931875,0.79999995,0.9152542,0.6666667,0.5714286,0.70731705,12,1,True,True,True,False,0.7,0.90476185,0.5555556,False,0.6486486,0.90196073,0.6,False,0.0,0.0,0.0,0.0,0.0,0.0,0.0,40,8,False,False,False,True,False,False,True,False,False,False,0.0,0,0,2,0.017073154,-0.034278214,0,True,0.0,0,True,0.0,6,False,0.6664287,0,True,0.0,189,False,0.6263684,1,2,6,97.5,0.6664287,0.015151516,207,False,True,0.0,0.0,False,False,False,False,False,False,3,0.30508474,task2_5_recovered_positive,0.6949153
8232,S1-620244698,S2-293735303,Kelli's Pinnacle Transport,KELLI'S PNINALLE TRANSPORT,"2645 King Court, Chesapeake City, VA",,S2,6+,train,1,False,False,False,True,False,False,False,False,False,False,True,False,0.88461536,0.97661537,0.9230769,0.9230769,0.6,0.5483871,1.0,0,0,True,True,True,False,0.9019608,0.9230769,0.5,False,0.88461536,0.9230769,0.6,False,0.0,0.0,0.0,0.0,0.0,0.0,0.0,34,6,False,False,False,True,False,False,True,False,False,False,0.0,0,0,1,0.017345428,0.0,0,True,0.0,0,True,0.0,17,False,0.8369958,0,True,0.0,99,False,0.69121885,2,2,17,58.0,0.8369958,0.019276321,205,False,True,0.0,0.0,False,False,False,False,False,False,3,0.30769232,task2_5_recovered_positive,0.6923077
1863,S1-840071532,S2-881478292,Apex Innovative Estate Pvt Ltd,Apex Innovative Pvt Ltd Center,"N0122 Vill-Rampur, Irkona Nr House Of Robin, Galsi - Ii, Bardhaman, West Bengal",,S2,6+,train,1,False,False,False,True,False,False,False,False,False,False,True,False,0.6,0.92296296,0.9,0.9,0.6666667,0.6,1.0,0,0,True,True,False,False,0.6,0.92499995,0.71428573,False,0.6333333,0.81081074,0.33333334,False,0.0,0.0,0.0,0.0,0.0,0.0,0.0,73,13,False,False,False,False,False,False,False,False,False,False,0.0,0,0,0,0.0,0.0333333,118,False,0.7781042,0,True,0.0,74,False,0.813465,0,True,0.0,136,False,0.74417907,1,3,74,109.333336,0.813465,0.0074626864,237,False,True,0.0,0.0,False,False,False,False,False,False,2,0.3083333,task2_5_recovered_positive,0.6916667
9420,S1-139945018,S3-470221447,"Anthea Saavedra, D.O., P.C.",Anthea Saavedra P.C. Center,"2175 Firetower Road, Wetumpka, AL",,S3,6+,train,1,False,False,False,True,False,False,True,False,False,False,True,False,0.6923077,0.9177592,0.8163265,0.90476185,0.5714286,0.55172414,0.88461536,3,1,True,True,False,False,0.6923077,0.93103445,0.625,False,0.6923077,0.90476185,0.5714286,False,0.0,0.0,0.0,0.0,0.0,0.0,0.0,31,5,False,False,False,True,False,False,True,False,False,False,0.0,0,0,1,0.0,0.0,0,True,0.0,0,True,0.0,0,True,0.0,0,True,0.0,6,False,0.888907,1,1,6,6.0,0.888907,0.015151516,207,False,True,0.0,0.0,False,False,False,False,False,False,3,0.31034482,task2_5_recovered_positive,0.6896552
9216,S1-298958265,S3-574609207,Boris Alpex LLC,Boris Adpex LLC,"22 18th Street, Unit APARTMENT 4, Covington, KY",,S3,6+,train,1,False,False,False,True,False,False,True,False,False,False,True,False,0.93333334,0.94476193,0.93333334,0.93333334,0.5,0.625,1.0,0,0,True,True,True,False,0.93333334,0.9444444,0.6,False,0.90909094,0.9090909,0.33333334,False,0.0,0.0,0.0,0.0,0.0,0.0,0.0,44,8,False,False,False,True,False,False,True,False,False,False,0.0,0,0,3,0.0,-0.024242401,0,True,0.0,0,True,0.0,47,False,0.6859793,0,True,0.0,225,False,0.6460025,1,2,47,136.0,0.6859793,0.009345794,248,False,True,0.0,0.0,False,False,False,False,False,False,3,0.3148148,task2_5_recovered_positive,0.6851852
204,S1-231309781,S3-970034703,"Rivera, Campbell and Edwards","Rivera, Cpacfll and Edwards","VA, Chesterfield County, 4115 Mallard Landing Circle, Unit APT 103",,S3,6+,train,1,False,False,False,True,False,False,True,False,False,False,True,False,0.8148148,0.9290598,0.86792445,0.86792445,0.6,0.58064514,0.962963,1,0,True,True,True,False,0.8148148,0.7941176,0.42857143,False,0.8148148,0.86792445,0.6,False,0.0,0.0,0.0,0.0,0.0,0.0,0.0,63,10,False,False,False,True,False,False,True,False,False,False,0.0,0,0,2,0.0,0.0,0,True,0.0,0,True,0.0,19,False,0.8127466,0,True,0.0,26,False,0.70334536,2,2,19,22.5,0.8127466,0.024286136,199,False,True,0.0,0.0,False,False,False,False,False,False,1,0.28930816,task2_5_recovered_positive;weak_address_evidence,0.7106918
245,S1-309039502,S2-717687816,"Mclaurin, Schmidt & Halilovic Fargo Inc","Mclaurin, Schmidt & Halilovic Inc Center","18646 13B Road, Culver, IN",,S2,1,train,1,False,False,False,True,False,False,False,False,False,False,True,False,0.7297297,0.9382508,0.8767123,0.9090909,0.6666667,0.64285713,0.972973,1,0,True,True,False,False,0.7297297,0.9090909,0.6666667,False,0.7297297,0.8965517,0.5,False,0.0,0.0,0.0,0.0,0.0,0.0,0.0,24,5,False,False,False,True,False,False,True,False,False,False,0.0,0,0,2,0.0,0.0,0,True,0.0,0,True,0.0,4,False,0.8686111,0,True,0.0,4,False,0.8502797,2,2,4,4.0,0.8686111,0.03125,200,False,True,0.0,0.0,False,False,False,False,False,False,2,0.30303028,task2_5_recovered_positive;weak_address_evidence,0.69696975
80,S1-788421984,S2-762676226,Shawver Select Physical LLC,Shawver Solsetc Physical (LLC),"12768 Broad Street, Pataskala, OH",,S2,6+,train,1,False,False,False,True,False,False,False,False,False,False,True,False,0.85714287,0.94753766,0.7272727,0.9090909,0.6,0.54545456,0.96428573,1,0,True,True,True,False,0.85714287,0.91803277,0.6666667,False,0.8333333,0.893617,0.5,False,0.0,0.0,0.0,0.0,0.0,0.0,0.0,31,5,False,False,False,True,False,False,True,False,False,False,0.0,0,0,1,0.0,-0.023809552,0,True,0.0,0,True,0.0,12,False,0.6951065,0,True,0.0,69,False,0.56962633,2,2,12,40.5,0.6951065,0.021640826,211,False,True,0.0,0.0,False,False,False,False,False,False,2,0.30601093,task2_5_recovered_positive;weak_address_evidence,0.69398904
7206,S1-56662483,S2-251197230,Rahul Ventures,Rahul Services,"Ward No 09, Gulmohor Colony, Chambal Colony, Sheopur, Madhya Pradesh",,S2,6+,train,1,False,False,False,True,False,False,False,False,False,False,True,False,0.64285713,0.8961039,0.71428573,0.71428573,0.33333334,0.2,1.0,0,0,True,True,False,False,0.64285713,0.71428573,0.33333334,False,0.64285713,0.71428573,0.33333334,False,0.0,0.0,0.0,0.0,0.0,0.0,0.0,64,10,False,False,False,True,False,False,True,False,False,False,0.0,0,0,1,0.0,0.0,0,True,0.0,0,True,0.0,19,False,0.6603503,0,True,0.0,0,True,0.0,1,1,19,19.0,0.6603503,0.012658228,208,False,True,0.0,0.0,False,False,False,False,False,False,0,0.23809524,task2_5_recovered_positive;weak_overall_similarity,0.7619048
3125,S1-940354663,S2-343632947,Petersen Banc,PETERSEN CENTER,"99 Belltown Road, Stamford, CT",,S2,3-5,train,1,False,False,False,True,False,False,False,False,False,False,True,False,0.6666667,0.8977156,0.71428573,0.7619047,0.33333334,0.4375,0.8666667,2,0,True,True,False,False,0.6666667,0.7619047,0.33333334,False,0.6666667,0.7619047,0.33333334,False,0.0,0.0,0.0,0.0,0.0,0.0,0.0,28,5,False,False,False,True,False,False,True,False,False,False,0.0,0,0,1,0.0,0.0,0,True,0.0,0,True,0.0,38,False,0.7775205,0,True,0.0,108,False,0.6559263,1,2,38,73.0,0.7775205,0.010204081,244,False,True,0.0,0.0,False,False,False,False,False,False,0,0.25396824,task2_5_recovered_positive;weak_overall_similarity,0.74603176
8921,S1-105735099,S2-309191571,Kiser Legacy Entertainment,KISER  LEGACY CENTER,"25020 Perdido Beach Boulevard, Unit Unit 103A, Orange Beach, AL",,S2,2,train,1,False,False,False,True,False,False,False,False,False,False,True,False,0.65384614,0.92793524,0.79999995,0.79999995,0.5,0.53846157,0.7307692,7,0,True,True,False,False,0.65384614,0.79999995,0.5,False,0.65384614,0.79999995,0.5,False,0.0,0.0,0.0,0.0,0.0,0.0,0.0,60,10,False,False,False,True,False,False,True,False,False,False,0.0,0,0,2,0.0,0.0,0,True,0.0,0,True,0.0,0,True,0.0,0,True,0.0,15,False,0.7001915,1,1,15,15.0,0.7001915,0.013333334,208,False,True,0.0,0.0,False,False,False,False,False,False,0,0.26666665,task2_5_recovered_positive;weak_overall_similarity,0.73333335
476,S1-661138404,S2-749879190,Select Piedmont Nmp Co,Select Nmp Co Center,"23502 11th Terrace, Independence, MO",,S2,3-5,train,1,False,False,False,True,False,False,False,False,False,False,True,False,0.4090909,0.87748665,0.6190476,0.80952376,0.6,0.4074074,0.90909094,2,0,True,True,False,False,0.4090909,0.80952376,0.6,False,0.45,0.7179487,0.4,False,0.0,0.0,0.0,0.0,0.0,0.0,0.0,34,5,False,False,False,True,False,False,True,False,False,False,0.0,0,0,2,0.0,0.04090908,0,True,0.0,0,True,0.0,46,False,0.72718304,0,True,0.0,0,True,0.0,1,1,46,46.0,0.72718304,0.009433962,241,False,True,0.0,0.0,False,False,False,False,False,False,0,0.26984125,task2_5_recovered_positive;weak_overall_similarity,0.73015875
6651,S1-602757300,S2-230300725,Belcher Seas of Albany,BELCHER SEAS OF CENTER,"93 B Shaker Road, Unit Apartment 1A, Albany, NY",,S2,1,train,1,False,False,False,True,False,False,False,False,False,False,True,False,0.72727275,0.90909094,0.6818181,0.81081074,0.6,0.53846157,1.0,0,0,True,True,False,False,0.72727275,0.81081074,0.6,False,0.72727275,0.81081074,0.6,False,0.0,0.0,0.0,0.0,0.0,0.0,0.0,44,9,False,False,False,True,False,False,True,False,False,False,0.0,0,0,2,0.0,0.0,0,True,0.0,0,True,0.0,9,False,0.7698896,0,True,0.0,10,False,0.693011,2,2,9,9.5,0.7698896,0.028778467,203,False,True,0.0,0.0,False,False,False,False,False,False,0,0.27027026,task2_5_recovered_positive;weak_overall_similarity,0.7297298
6445,S1-929469883,S2-166709671,Muthu Wild (India) Co,Smt Muthu-Wild Co Center,"B-505, Samundra, B- Wing, Sardar Patel Nagar, Opp.C.G.Road, Navrangpura, Ahmedabad, Gujarat",,S2,2,train,1,False,False,False,True,False,False,False,False,False,False,True,False,0.45833334,0.649269,0.60465115,0.8125,0.5,0.3448276,0.7916667,5,1,False,False,False,False,0.45833334,0.8125,0.5,False,0.5,0.7692308,0.33333334,False,0.0,0.0,0.0,0.0,0.0,0.0,0.0,83,15,False,False,False,True,False,False,True,False,False,False,0.0,0,0,1,0.0,0.041666657,0,True,0.0,0,True,0.0,8,False,0.87314934,0,True,0.0,0,True,0.0,1,1,8,8.0,0.87314934,0.014705882,209,False,True,0.0,0.0,False,False,False,False,False,False,0,0.27083334,task2_5_recovered_positive;weak_overall_similarity,0.7291666
6065,S1-554747088,S2-225891779,Agro Paragon Farmers LLP,Agro Paragon LLP Services,"Office No C/328, Steel Chs Of India Plot No 514, Kalamboli, Navi Mumbai, Raigarh, Maharashtra",,S2,6+,train,1,False,False,False,True,False,False,False,False,False,False,True,False,0.6,0.89666665,0.6530612,0.8163265,0.6,0.40625,0.96,1,0,True,True,False,False,0.62,0.83636355,0.6666667,False,0.64,0.75,0.4,False,0.0,0.0,0.0,0.0,0.0,0.0,0.0,88,16,False,False,False,True,False,False,True,False,False,False,0.0,0,0,2,0.01999998,0.03999996,0,True,0.0,0,True,0.0,9,False,0.78560334,0,True,0.0,0,True,0.0,1,1,9,9.0,0.78560334,0.014492754,196,False,True,0.0,0.0,False,False,False,False,False,False,0,0.27878785,task2_5_recovered_positive;weak_overall_similarity,0.72121215
65,S1-652805767,S2-186068026,Estrellita Latham Special,Estre1lita Latham Special Corp,"Brooklyn, NY, 537 Clinton Street",,S2,6+,train,1,False,False,False,True,False,False,False,False,False,False,True,False,0.8,0.877,0.8727273,0.8727273,0.4,0.6451613,0.8333333,5,1,False,True,False,False,0.54,0.79999995,0.33333334,False,0.96,0.96,0.5,False,0.0,0.0,0.0,0.0,0.0,0.0,0.0,30,5,False,False,False,True,False,False,True,False,False,False,0.0,0,0,1,-0.26,0.15999997,10,False,0.7421484,0,True,0.0,6,False,0.86209846,0,True,0.0,7,False,0.796124,3,3,6,7.6666665,0.86209846,0.0443626,10,True,False,0.0,0.0,False,False,False,False,False,False,2,0.32,weak_address_evidence,0.68
12,S1-534276832,S3-659244664,Best Developments Inc,Best Dévelopments Inc,"IL, Unit APARTMENT GR, Waukegan, 547 Lakehurst Road",,S3,3-5,validation,1,False,False,False,True,False,False,True,False,True,True,True,False,0.95238096,0.9509524,0.95238096,0.95238096,0.5,0.72727275,1.0,0,0,True,True,True,True,1.0,1.0,1.0,False,0.9411765,0.9411764,0.33333334,False,0.0,0.0,0.0,0.0,0.0,0.0,0.0,48,8,False,False,False,True,False,False,True,False,False,False,0.0,0,0,1,0.047619045,-0.011204481,0,True,0.0,0,True,0.0,2,False,1.0034984,0,True,0.0,214,False,0.74543244,1,2,2,108.0,1.0034984,0.016129032,200,False,True,0.0,0.0,False,False,False,False,False,False,3,0.33333334,weak_address_evidence,0.6666666
13,S1-999489037,S2-636143446,Price & Grant,Price  + Grant,"46 Pequot Lane, New Canaan, CT",,S2,3-5,train,1,False,False,False,True,False,False,False,False,False,False,True,True,1.0,1.0,1.0,1.0,1.0,1.0,1.0,0,0,True,True,True,True,1.0,1.0,1.0,True,1.0,1.0,1.0,False,0.0,0.0,0.0,0.0,0.0,0.0,0.0,28,6,False,False,False,True,False,False,True,False,False,False,0.0,0,0,1,0.0,0.0,2,False,0.99237865,0,True,0.0,2,False,0.976791,0,True,0.0,2,False,0.98510134,3,3,2,2.0,0.99237865,0.048387095,2,True,False,0.0,0.0,False,False,True,False,False,False,3,0.33333334,weak_address_evidence,0.6666666
23,S1-405210924,S2-669815015,Nelia's Atlantic Architecture,Nelia's Atlantic Architecture,"390 1st Street, Rockaway Beach, MO",,S2,6+,train,1,False,False,False,True,False,False,False,False,False,False,True,True,1.0,1.0,1.0,1.0,1.0,1.0,1.0,0,0,True,True,True,True,1.0,1.0,1.0,True,1.0,1.0,1.0,False,0.0,0.0,0.0,0.0,0.0,0.0,0.0,32,6,False,False,False,True,False,False,True,False,False,False,0.0,0,0,2,0.0,0.0,1,False,0.9929175,0,True,0.0,1,False,1.029343,0,True,0.0,1,False,1.0160105,3,3,1,1.0,1.029343,0.049180325,1,True,False,0.0,0.0,False,False,True,False,False,False,3,0.33333334,weak_address_evidence,0.6666666
36,S1-731396221,S2-793977478,Constructions Services LLP,Constructions  Services LLP,"Plot No.196, Survey No.186/8, Ec Nagar Colony, Near Andhra Bank, Cherlap, Alli, Hyderabad, Telangana",,S2,3-5,train,1,False,False,False,True,False,False,False,False,False,False,True,True,1.0,1.0,1.0,1.0,1.0,1.0,1.0,0,0,True,True,True,True,1.0,1.0,1.0,True,1.0,1.0,1.0,False,0.0,0.0,0.0,0.0,0.0,0.0,0.0,93,17,False,False,False,True,False,False,True,False,False,False,0.0,0,0,3,0.0,0.0,1,False,1.013132,0,True,0.0,2,False,0.9805979,0,True,0.0,2,False,1.0302818,3,3,1,1.6666666,1.0302818,0.048651505,1,True,False,0.0,0.0,False,False,True,False,False,False,3,0.33333334,weak_address_evidence,0.6666666
61,S1-988225336,S2-483738046,WO Energetics LLC,WO Energetics,"6809 Tarik Lane, Raleigh, NC",,S2,6+,train,1,False,False,False,True,False,False,False,False,False,False,True,False,0.7647059,0.9529412,0.8666666,1.0,0.6666667,0.73333335,0.7647059,4,1,True,True,False,False,0.38235295,1.0,0.5,True,1.0,1.0,1.0,False,0.0,0.0,0.0,0.0,0.0,0.0,0.0,26,5,False,False,False,True,False,False,True,False,False,False,0.0,0,0,1,-0.38235295,0.2352941,4,False,0.9715643,0,True,0.0,4,False,1.0084282,0,True,0.0,4,False,0.9752816,3,3,4,4.0,1.0084282,0.046875,4,True,False,0.0,0.0,False,False,True,False,False,False,3,0.33333334,weak_address_evidence,0.6666666
88,S1-190309888,S2-202792799,Classic Data Digital LLC,Classic Data LLC Digital,"8627 Bluebell Dr, Louisville, KY",,S2,6+,train,1,False,False,False,True,False,False,False,False,False,False,True,False,0.6666667,0.9583333,1.0,1.0,1.0,0.7916667,1.0,0,0,True,True,False,False,0.70212764,1.0,1.0,False,0.8333333,1.0,0.75,False,0.0,0.0,0.0,0.0,0.0,0.0,0.0,30,5,False,False,False,True,False,False,True,False,False,False,0.0,0,0,1,0.03546095,0.16666663,5,False,0.9872793,0,True,0.0,6,False,0.96039104,0,True,0.0,1,False,0.9742346,3,3,1,4.0,0.9872793,0.04692957,5,True,False,0.0,0.0,False,False,False,False,False,False,3,0.33333334,weak_address_evidence,0.6666666
90,S1-472052652,S3-491488967,Maid Book Store LLC,Maid Book Store [[LLC]],"1530 Broadway Street, Baker City, OR",,S3,3-5,train,1,False,False,False,True,False,False,True,False,False,False,True,True,1.0,1.0,1.0,1.0,1.0,1.0,1.0,0,0,True,True,True,True,1.0,1.0,1.0,True,1.0,1.0,1.0,False,0.0,0.0,0.0,0.0,0.0,0.0,0.0,34,6,False,False,False,True,False,False,True,False,False,False,0.0,0,0,1,0.0,0.0,5,False,1.0188587,0,True,0.0,6,False,1.0128162,0,True,0.0,29,False,1.0273321,3,3,5,13.333333,1.0273321,0.041772086,5,True,False,0.0,0.0,False,False,True,False,False,False,3,0.33333334,weak_address_evidence,0.6666666
90,S1-472052652,S2-67106406,Maid Book Store LLC,Maid Bóok Store LLC,"1530 Broadway Street, Baker City, OR",,S2,3-5,train,1,False,False,False,True,False,False,False,False,True,True,True,False,0.94736844,0.9567251,0.9473684,0.9473684,0.6,0.7,1.0,0,0,True,True,True,True,1.0,1.0,1.0,False,0.93333334,0.93333334,0.5,False,0.0,0.0,0.0,0.0,0.0,0.0,0.0,34,6,False,False,False,True,False,False,True,False,False,False,0.0,0,0,1,0.052631557,-0.014035106,0,True,0.0,0,True,0.0,22,False,1.0128162,0,True,0.0,206,False,0.8356595,1,2,22,114.0,1.0128162,0.0121951215,222,False,True,0.0,0.0,False,False,False,False,False,False,3,0.33333334,weak_address_evidence,0.6666666
94,S1-143964224,S3-818575032,Tovaor Elite Quasaredge Co,Tovaor Elite Quasaredge Có,"2600 Birch Street, Bryant, AR",,S3,2,train,1,False,False,False,True,False,False,True,False,True,True,True,False,0.96153843,0.9846154,0.96153843,0.96153843,0.6,0.92,1.0,0,0,True,True,False,True,1.0,1.0,1.0,False,0.88461536,1.0,0.75,False,0.0,0.0,0.0,0.0,0.0,0.0,0.0,27,5,False,False,False,True,False,False,True,False,False,False,0.0,0,0,1,0.038461566,-0.07692307,1,False,0.93906885,0,True,0.0,1,False,0.9995157,0,True,0.0,2,False,1.0215425,3,3,1,1.3333334,1.0215425,0.048915915,1,True,False,0.0,0.0,False,False,False,False,False,False,3,0.33333334,weak_address_evidence,0.6666666
122,S1-732454514,S2-177784037,Pack Cms Inc,Pack Cms,"207 Meridian Avenue, Unit #K301, Edgewood, WA",,S2,6+,train,1,False,False,False,True,False,False,False,False,False,False,True,False,0.6666667,0.93333334,0.79999995,1.0,0.6666667,0.6,0.6666667,4,1,True,True,False,False,0.6666667,1.0,0.6666667,True,1.0,1.0,1.0,False,0.0,0.0,0.0,0.0,0.0,0.0,0.0,41,7,False,False,False,True,False,False,True,False,False,False,0.0,0,0,1,0.0,0.3333333,4,False,0.97271806,0,True,0.0,4,False,0.967225,0,True,0.0,4,False,0.9774138,3,3,4,4.0,0.9774138,0.046875,4,True,False,0.0,0.0,False,False,True,False,False,False,3,0.33333334,weak_address_evidence,0.6666666
128,S1-757486267,S2-165167592,Anand Foundation,Anand Foundation LLP,"# 35, Sector -6 Urban Estate, Karnal, Haryana",,S2,6+,train,1,False,False,False,True,False,False,False,False,False,False,True,False,0.8,0.96,0.88888884,1.0,0.6666667,0.7777778,0.8,4,1,True,True,False,False,0.4,1.0,0.5,True,1.0,1.0,1.0,False,0.0,0.0,0.0,0.0,0.0,0.0,0.0,39,7,False,False,False,True,False,False,True,False,False,False,0.0,0,0,2,-0.4,0.19999999,52,False,0.96648216,0,True,0.0,21,False,0.9841366,0,True,0.0,46,False,1.0046942,3,3,21,39.666668,1.0046942,0.030708212,52,True,False,0.0,0.0,False,False,True,False,False,False,3,0.33333334,weak_address_evidence,0.6666666
137,S1-388306842,S3-465193379,Jain Engineering Pvt Ltd,Jain Engineering-Pvt Ltd,"Ac-54B Shalimar Bagh, Delhi",,S3,3-5,validation,1,False,False,False,True,False,False,True,False,False,False,True,True,1.0,1.0,1.0,1.0,1.0,1.0,1.0,0,0,True,True,True,True,1.0,1.0,1.0,True,1.0,1.0,1.0,False,0.0,0.0,0.0,0.0,0.0,0.0,0.0,26,5,False,False,False,True,False,False,True,False,False,False,0.0,0,0,1,0.0,0.0,1,False,1.0163827,0,True,0.0,1,False,1.0070447,0,True,0.0,13,False,1.0018282,3,3,1,5.0,1.0163827,0.046485513,1,True,False,0.0,0.0,False,False,True,False,False,False,3,0.33333334,weak_address_evidence,0.6666666
146,S1-116216109,S3-742460743,One Engineering Pvt Ltd,One Engineering,"Bursu Walo Ki Haweli, Oswali Mohalla, Kishangarh, Ajmer, Rajasthan",,S3,3-5,train,1,False,False,False,True,False,False,True,False,False,False,True,False,0.65217394,0.93043476,0.78947365,1.0,0.5,0.61904764,0.65217394,8,2,True,True,False,False,0.65217394,1.0,0.6,True,1.0,1.0,1.0,False,0.0,0.0,0.0,0.0,0.0,0.0,0.0,62,9,False,False,False,False,False,False,False,False,False,False,0.0,0,0,0,0.0,0.34782606,9,False,0.9483079,0,True,0.0,13,False,0.9446464,0,True,0.0,10,False,1.0182823,3,3,9,10.666667,1.0182823,0.042477097,9,True,False,0.0,0.0,False,False,True,False,False,False,3,0.33333334,weak_address_evidence,0.6666666
154,S1-567908526,S3-53925250,Vital's Coastal Mortgage,Vital's  Coastal Mortgage,"247 Cooke Street, Plainville, CT",,S3,3-5,train,1,False,False,False,True,False,False,True,False,False,False,True,True,1.0,1.0,1.0,1.0,1.0,1.0,1.0,0,0,True,True,True,True,1.0,1.0,1.0,True,1.0,1.0,1.0,False,0.0,0.0,0.0,0.0,0.0,0.0,0.0,30,5,False,False,False,True,False,False,True,False,False,False,0.0,0,0,1,0.0,0.0,2,False,1.0385469,0,True,0.0,3,False,0.95616245,0,True,0.0,2,False,0.97758925,3,3,2,2.3333333,1.0385469,0.04813108,2,True,False,0.0,0.0,False,False,True,False,False,False,3,0.33333334,weak_address_evidence,0.6666666
158,S1-972290170,S2-98560496,RJ Housing Inc,RJ Housing [Inc],"2800 C Mable Drive, Unit C, Canyon, TX",,S2,3-5,train,1,False,False,False,True,False,False,False,False,False,False,True,True,1.0,1.0,1.0,1.0,1.0,1.0,1.0,0,0,True,True,True,True,1.0,1.0,1.0,True,1.0,1.0,1.0,False,0.0,0.0,0.0,0.0,0.0,0.0,0.0,35,8,False,False,False,True,False,False,True,False,False,False,0.0,0,0,1,0.0,0.0,2,False,1.0198262,0,True,0.0,2,False,1.0109043,0,True,0.0,77,False,0.9924808,3,3,2,27.0,1.0198262,0.039557334,2,True,False,0.0,0.0,False,False,True,False,False,False,3,0.33333334,weak_address_evidence,0.6666666
171,S1-447692335,S3-365373372,"Liston, Valenzuela and Lee Newhold LLC","Liston, Valenzuela and Lee Newhold","Unit 322, 2827 Barrow Road, Charlotte, NC",,S3,6+,train,1,False,False,False,True,False,False,True,False,False,False,True,False,0.8918919,0.97837836,0.9428571,1.0,0.8333333,0.9117647,0.8918919,4,1,True,True,False,False,0.9041096,1.0,0.75,True,1.0,1.0,1.0,False,0.0,0.0,0.0,0.0,0.0,0.0,0.0,38,7,False,False,False,True,False,False,True,False,False,False,0.0,0,0,2,0.0122177005,0.1081081,4,False,0.9535147,0,True,0.0,6,False,0.9286912,0,True,0.0,3,False,1.0136824,3,3,3,4.3333335,1.0136824,0.04664953,4,True,False,0.0,0.0,False,False,True,False,False,False,3,0.33333334,weak_address_evidence,0.6666666
173,S1-419548577,S3-758352901,Celis Gen Inc,Celis Gen Inc,"3723 Virginia Dare Trail, Nags Head, NC",,S3,3-5,train,1,False,False,False,True,False,False,True,False,False,False,True,True,1.0,1.0,1.0,1.0,1.0,1.0,1.0,0,0,True,True,True,True,1.0,1.0,1.0,True,1.0,1.0,1.0,False,0.0,0.0,0.0,0.0,0.0,0.0,0.0,37,7,False,False,False,True,False,False,True,False,False,False,0.0,0,0,1,0.0,0.0,2,False,0.9593066,0,True,0.0,2,False,0.96568334,0,True,0.0,2,False,0.87920386,3,3,2,2.0,0.96568334,0.048387095,2,True,False,0.0,0.0,False,False,True,False,False,False,3,0.33333334,weak_address_evidence,0.6666666
177,S1-198233065,S3-423843774,O C & Z Beauty Inc,O C & Z  Inc Beauty,"808 Turner Street, City Of Wausau, WI",,S3,6+,validation,1,False,False,False,True,False,False,True,False,False,False,True,False,0.5,0.9375,1.0,1.0,1.0,0.64705884,1.0,0,0,True,True,False,False,0.5,1.0,1.0,False,0.75,1.0,0.8,False,0.0,0.0,0.0,0.0,0.0,0.0,0.0,35,7,False,False,False,True,False,False,True,False,False,False,0.0,0,0,1,0.0,0.25,3,False,1.0021982,0,True,0.0,3,False,1.0099847,0,True,0.0,9,False,0.96517384,3,3,3,5.0,1.0099847,0.046238787,3,True,False,0.0,0.0,False,False,False,False,False,False,3,0.33333334,weak_address_evidence,0.6666666
180,S1-942016723,S2-246843978,Dynamic Marketing Holdings Care,Dynamic Marketing Care Holdings,"200 Nelson Road, Thomas, WV",,S2,6+,validation,1,False,False,False,True,False,False,False,False,False,False,True,False,0.67741936,0.9612903,1.0,1.0,1.0,0.8064516,1.0,0,0,True,True,False,False,0.67741936,1.0,1.0,False,0.67741936,1.0,1.0,False,0.0,0.0,0.0,0.0,0.0,0.0,0.0,25,5,False,False,False,True,False,False,True,False,False,False,0.0,0,0,1,0.0,0.0,2,False,1.0133862,0,True,0.0,2,False,0.9846209,0,True,0.0,3,False,1.0153944,3,3,2,2.3333333,1.0153944,0.04813108,2,True,False,0.0,0.0,False,False,False,False,False,False,3,0.33333334,weak_address_evidence,0.6666666
192,S1-533097051,S3-679345590,Alpha It Limited,Alpha It Ltd,"Aarna, Plot No-1A, Indrapuri Colony, Maval, Pune, Maharashtra",,S3,2,train,1,False,False,False,True,False,False,True,False,False,False,True,False,0.75,0.95,0.85714287,0.85714287,0.5,0.5,0.75,4,0,True,True,False,False,0.75,0.85714287,0.5,True,1.0,1.0,1.0,False,0.0,0.0,0.0,0.0,0.0,0.0,0.0,56,9,False,False,False,True,False,False,True,False,False,False,0.0,0,0,1,0.0,0.25,53,False,0.90138304,0,True,0.0,55,False,0.9474295,0,True,0.0,13,False,1.0100828,3,3,13,40.333332,1.0100828,0.031243838,53,True,False,0.0,0.0,False,False,True,False,False,False,3,0.33333334,weak_address_evidence,0.6666666
204,S1-231309781,S3-726945731,"Rivera, Campbell and Edwards","Rivera, Campbell And Edwards","VA, Chesterfield County, 4115 Mallard Landing Circle, Unit APT 103",,S3,6+,train,1,False,False,False,True,False,False,True,False,False,False,True,True,1.0,1.0,1.0,1.0,1.0,1.0,1.0,0,0,True,True,True,True,1.0,1.0,1.0,True,1.0,1.0,1.0,False,0.0,0.0,0.0,0.0,0.0,0.0,0.0,63,10,False,False,False,True,False,False,True,False,False,False,0.0,0,0,2,0.0,0.0,4,False,0.9823695,0,True,0.0,5,False,1.0124255,0,True,0.0,3,False,0.98380375,3,3,3,4.0,1.0124255,0.04688263,4,True,False,0.0,0.0,False,False,True,False,False,False,3,0.33333334,weak_address_evidence,0.6666666
5743,S1-14915019,S3-714658705,"Davis, Shayne F., DDS, M.D., P.C.",Korlyra,"526 Meadowlake Lane, Lincoln, AL","Meadowlake Ln, Lincoln, Alabama",S3,6+,train,1,False,False,False,False,True,False,True,False,False,False,True,False,0.03846154,0.2875458,0.06060606,0.06060606,0.0,0.0,0.26923078,19,7,False,False,False,False,0.03846154,0.055555552,0.0,False,0.03846154,0.06060606,0.0,False,0.6333333,0.73846745,0.7457627,0.8135593,0.2857143,0.5588235,0.96666664,1,1,False,False,False,True,False,False,True,False,False,False,0.0,0,0,1,0.0,0.0,0,True,0.0,3,False,0.7017072,0,True,0.0,3,False,0.6658407,0,True,0.0,2,2,3,3.0,0.7017072,0.031746034,101,True,False,0.06060606,0.049306624,False,False,False,False,False,False,0,0.29138845,weak_name_evidence,0.70861155
2017,S1-124888105,S2-169696992,Arrah Graphics Private Limited,Quonex,"Ground Floor, Sai Niwas, Ward No 8, Vill-Bhelain, Ekawana Panchayat, Arrah, Bhojpur, Bihar","HN 680 GROUND FLOOR, ARRAH, BHOJPUR, Bihar",S2,6+,validation,1,False,False,False,False,True,False,False,False,False,False,True,False,0.033333335,0.0,0.055555552,0.055555552,0.0,0.0,0.2,24,3,False,False,False,False,0.016666668,0.04878049,0.0,False,0.0,0.0,0.0,False,0.3253012,0.5862986,0.5901639,0.90140843,0.3125,0.32954547,0.4698795,44,7,False,False,True,True,True,True,False,False,False,False,0.0,0,2,0,-0.016666668,-0.033333335,0,True,0.0,21,False,0.6193527,0,True,0.0,21,False,0.55751395,0,True,0.0,2,2,21,21.0,0.6193527,0.024691358,117,True,False,0.055555552,0.050078243,False,False,False,False,False,True,1,0.318988,weak_name_evidence,0.68101203
5435,S1-193016475,S3-647361693,Silver Constructions,सिल्वर कंस्ट्रक्शंस,"C/O Sanbhaji Shivajirao Talap, Tal Walwa Dist. Sangli, Bhadkimbe, Sangli, Maharashtra","C/o Sanbhaji Shviajirao Talap, Tal Walwa Dist. Sangli, Bhadkimbe, Sangli, MH",S3,6+,train,1,False,False,False,False,True,False,True,False,True,True,True,False,0.05,0.36754385,0.051282052,0.057142857,0.0,0.0,0.95,1,7,False,False,False,False,0.21428572,0.3076923,0.0,False,0.05,0.057142857,0.0,False,0.8625,0.9746831,0.92715234,0.919708,0.6923077,0.73239434,0.8875,9,0,True,True,False,False,False,False,False,False,False,False,0.0,0,0,0,0.16428572,0.0,0,True,0.0,8,False,0.88566005,0,True,0.0,8,False,0.91147727,0,True,0.0,2,2,8,8.0,0.91147727,0.029411765,106,True,False,0.057142857,0.052554745,False,False,False,False,False,True,1,0.40913343,weak_name_evidence,0.59086657
5435,S1-193016475,S2-183495434,Silver Constructions,सिल्वर कंस्ट्रक्शंस,"C/O Sanbhaji Shivajirao Talap, Tal Walwa Dist. Sangli, Bhadkimbe, Sangli, Maharashtra","C/O SANBHAJI SHIVAJIRAO TALAP, TAL WALWA DIST. SANGLI, BHADKIMBE, SANGLI, महाराष्ट्र",S2,6+,train,1,False,False,False,False,True,False,False,False,True,True,True,False,0.05,0.36754385,0.051282052,0.057142857,0.0,0.0,0.95,1,7,False,False,False,False,0.21428572,0.3076923,0.0,False,0.05,0.057142857,0.0,False,0.8625,0.94718355,0.8553459,0.93129766,0.6666667,0.7236842,0.9875,1,4,True,True,False,False,False,False,False,False,False,False,0.0,0,0,0,0.16428572,0.0,0,True,0.0,4,False,0.9567101,0,True,0.0,7,False,0.9504311,0,True,0.0,2,2,4,5.5,0.9567101,0.030550372,103,True,False,0.057142857,0.05321701,False,False,False,False,False,True,1,0.41299665,weak_name_evidence,0.58700335
5435,S1-193016475,S3-464189602,Silver Constructions,सिल्वर कंस्ट्रक्शंस,"C/O Sanbhaji Shivajirao Talap, Tal Walwa Dist. Sangli, Bhadkimbe, Sangli, Maharashtra","C/o Sanbhaji Shivajirao Talap, Tal Walwa Dist. Sangli, Bhadkimbe, Sangli, MH",S3,6+,train,1,False,False,False,False,True,False,True,False,True,True,True,False,0.05,0.36754385,0.051282052,0.057142857,0.0,0.0,0.95,1,7,False,False,False,False,0.21428572,0.3076923,0.0,False,0.05,0.057142857,0.0,False,0.8875,0.9775,0.9403973,0.97599995,0.8333333,0.8358209,0.8875,9,0,True,True,False,False,False,False,False,False,False,False,0.0,0,0,0,0.16428572,0.0,0,True,0.0,6,False,0.94254863,0,True,0.0,4,False,0.95137477,0,True,0.0,2,2,4,5.0,0.95137477,0.030776516,104,True,False,0.057142857,0.055771425,False,False,False,False,False,True,1,0.42789742,weak_name_evidence,0.57210255
5435,S1-193016475,S2-38466775,Silver Constructions,सिल्वर कंस्ट्रक्शंस,"C/O Sanbhaji Shivajirao Talap, Tal Walwa Dist. Sangli, Bhadkimbe, Sangli, Maharashtra","C/O SANBHAJI SHIVAJIRAO TALAP, TAL WALWA DIST. SANGLI, BHADKIMBE, SANGLI, Maharashtra",S2,6+,train,1,False,False,False,False,True,False,False,False,True,True,True,False,0.05,0.36754385,0.051282052,0.057142857,0.0,0.0,0.95,1,7,False,False,False,False,0.21428572,0.3076923,0.0,False,0.05,0.057142857,0.0,True,1.0,1.0,1.0,1.0,1.0,1.0,1.0,0,0,True,True,True,False,False,False,False,False,False,False,0.0,0,0,0,0.16428572,0.0,0,True,0.0,2,False,0.96433294,0,True,0.0,2,False,0.9784204,0,True,0.0,2,2,2,2.0,0.9784204,0.032258064,101,True,False,0.057142857,0.057142857,False,False,False,False,False,True,1,0.43589744,weak_name_evidence,0.56410253
1652,S1-161028765,S3-754946590,Custom Gen,Jaxriza,"407 Howison Avenue, Fredericksburg City, VA","Virginia, PO Box 6158, Fredericksburg City, 407 Howison Ave",S3,3-5,train,1,False,False,False,False,True,False,True,False,False,False,True,False,0.0,0.0,0.0,0.0,0.0,0.0,0.7,3,1,False,False,False,False,0.0,0.0,0.0,False,0.0,0.0,0.0,False,0.4107143,0.64855546,0.78350514,0.8611111,0.36363637,0.52459013,0.73214287,15,3,False,False,False,True,True,True,False,False,False,False,0.5,1,1,1,0.0,0.0,0,True,0.0,16,False,0.7888949,0,True,0.0,9,False,0.7214952,0,True,0.0,2,2,9,12.5,0.7888949,0.027650649,116,True,False,0.0,0.0,False,False,False,False,False,False,1,0.45370373,weak_name_evidence,0.54629624
178,S1-726341071,S2-222239051,Vision Enterprises,વિઝન એન્ટરપ્રાઇઝિસ,"Gujarat, Jamnagar Road, Rajkot, Opp. Ioc Tanka","OPP. IOC TANKA, RAJKOT, Gujarat, JAMNAGAR ROAD",S2,2,train,1,False,False,False,False,True,False,False,False,True,True,True,False,0.0,0.37037036,0.055555552,0.055555552,0.0,0.0,1.0,0,5,False,False,False,False,0.2857143,0.372093,0.0,False,0.0,0.0,0.0,False,0.1904762,0.69543654,1.0,1.0,1.0,0.8181818,1.0,0,0,False,False,False,False,False,False,False,False,False,False,0.0,0,0,0,0.2857143,0.0,0,True,0.0,1,False,0.93808055,0,True,0.0,1,False,0.96762323,0,True,0.0,2,2,1,1.0,0.96762323,0.032786883,101,True,False,0.055555552,0.055555552,False,False,False,False,False,True,1,0.45736432,weak_name_evidence,0.5426357
3164,S1-739992970,S2-559745281,Universal Producer,यूनिवर्सल प्रोड्यूसर,"Flat No 128 Ist Floor, Govt Employees Cooperative House Building Society Ltd Sector 31 32A, Jharsa, Gurgaon, Haryana","Haryana, GURGAON, FLAT NO 00128 IST FLOOR, GURGAON",S2,6+,train,1,False,False,False,False,True,False,False,False,True,True,True,False,0.05,0.36851853,0.052631576,0.055555552,0.0,0.0,0.9,2,7,False,False,False,False,0.23809524,0.3076923,0.0,False,0.05,0.055555552,0.0,False,0.22321428,0.58070135,0.5031446,0.9166666,0.31578946,0.28070176,0.41964287,65,10,False,False,False,True,True,True,False,False,False,True,0.33333334,1,2,2,0.18809524,0.0,0,True,0.0,0,True,0.0,0,True,0.0,41,False,0.4329633,0,True,0.0,1,1,41,41.0,0.4329633,0.00990099,230,False,True,0.055555552,0.05092592,False,False,False,False,False,True,1,0.5192308,weak_name_evidence,0.48076922
114,S1-988047816,S3-539242704,Fortune Marketing,फॉर्च्यून मार्केटिंग,"H-1/ 46, Jaipur, Rajasthan, Udyog Vihar Jaitpura, 47","H-1/ 46, Udyog Vihar Jaitpura, Jaipur, RJ",S3,6+,validation,1,False,False,False,False,True,False,True,False,True,True,True,False,0.05263158,0.37048504,0.055555552,0.058823526,0.0,0.0,0.8947368,2,8,False,False,False,False,0.1904762,0.2105263,0.0,False,0.05263158,0.058823526,0.0,False,0.44680852,0.88177115,0.88095236,0.9577465,0.7,0.64444447,0.78723407,10,1,True,True,False,True,True,True,False,False,False,True,0.6666667,2,1,1,0.13784462,0.0,0,True,0.0,2,False,0.8543566,0,True,0.0,5,False,0.7910993,0,True,0.0,2,2,2,3.5,0.8543566,0.031513646,101,True,False,0.058823526,0.056338027,False,False,False,False,False,True,1,0.6116465,weak_name_evidence,0.38835353
1154,S1-93349869,S2-183726251,Black Constructions,ब्लैक कंस्ट्रक्शंस,"Shop No 301 To 310, 3Rd Floor, Yashoda Business Hub, Mankar Chowk, Kaspate Wasti, Wakad, Pune, Haveli, Pune, Maharashtra","HAVELI, महाराष्ट्र, 301. TO 310, PUNE",S2,6+,train,1,False,False,False,False,True,False,False,False,True,True,True,False,0.05263158,0.3693957,0.054054055,0.06060606,0.0,0.0,0.94736844,1,7,False,False,False,False,0.175,0.37837836,0.0,False,0.05263158,0.06060606,0.0,False,0.14414415,0.5458326,0.3472222,0.83018863,0.22727273,0.16071428,0.2972973,78,9,False,False,False,True,True,True,False,False,False,True,0.6666667,2,1,1,0.12236842,0.0,0,True,0.0,22,False,0.42158183,0,True,0.0,6,False,0.5463457,0,True,0.0,2,2,6,14.0,0.5463457,0.027346637,121,True,False,0.06060606,0.05031446,False,False,False,False,False,False,0,0.6250779,weak_name_evidence,0.3749221
1154,S1-93349869,S3-561907895,Black Constructions,ब्लैक कंस्ट्रक्शंस,"Shop No 301 To 310, 3Rd Floor, Yashoda Business Hub, Mankar Chowk, Kaspate Wasti, Wakad, Pune, Haveli, Pune, Maharashtra","Pune, MH, Haveli, Sohp No 301 To 310",S3,6+,train,1,False,False,False,False,True,False,True,False,True,True,True,False,0.05263158,0.3693957,0.054054055,0.06060606,0.0,0.0,0.94736844,1,7,False,False,False,False,0.175,0.37837836,0.0,False,0.05263158,0.06060606,0.0,False,0.15315315,0.58902013,0.44444442,0.8620689,0.3,0.2037037,0.2972973,78,11,False,False,False,True,True,True,False,False,False,True,0.6666667,2,1,1,0.12236842,0.0,0,True,0.0,32,False,0.4124044,0,True,0.0,4,False,0.5649563,0,True,0.0,2,2,4,18.0,0.5649563,0.026494566,131,True,False,0.06060606,0.052246597,False,False,False,False,False,False,1,0.6357047,weak_name_evidence,0.3642953
5663,S1-908600068,S3-86535983,Synex LLC,Orbidovariza,"105 Denure Court, Folsom, CA","105-B Denure Court, Folsom, California",S3,3-5,validation,1,False,False,False,False,True,False,True,False,False,False,True,False,0.0,0.0,0.0,0.0,0.0,0.0,0.75,3,1,False,False,False,False,0.0,0.0,0.0,False,0.0,0.0,0.0,False,0.7222222,0.86752135,0.8387096,0.9387755,0.5714286,0.6571429,0.7222222,10,1,True,True,False,True,True,True,False,True,True,True,1.0,1,0,0,0.0,0.0,0,True,0.0,4,False,0.7060752,0,True,0.0,3,False,0.8378687,0,True,0.0,2,2,3,3.5,0.8378687,0.031498015,104,True,False,0.0,0.0,False,False,False,True,False,True,2,0.64625853,weak_name_evidence,0.35374147
3125,S1-940354663,S2-48496718,Petersen Banc,QUOGILD,"99 Belltown Road, Stamford, CT","99 BELLTOWN RD, STAMFORD, CT",S2,3-5,train,1,False,False,False,False,True,False,False,False,False,False,True,False,0.0,0.0,0.0,0.0,0.0,0.0,0.53846157,6,1,False,False,False,False,0.0,0.0,0.0,False,0.0,0.0,0.0,False,0.9285714,0.954945,0.9629629,0.9629629,0.6666667,0.8148148,0.9285714,2,0,True,True,True,True,True,True,False,True,True,True,1.0,1,0,0,0.0,0.0,0,True,0.0,2,False,0.9635844,0,True,0.0,2,False,0.9369136,0,True,0.0,2,2,2,2.0,0.9635844,0.032258064,101,True,False,0.0,0.0,False,False,False,True,False,True,2,0.65432096,weak_name_evidence,0.34567904
1154,S1-93349869,S2-590215192,Black Constructions,ब्लैक कंस्ट्रक्शंस,"Shop No 301 To 310, 3Rd Floor, Yashoda Business Hub, Mankar Chowk, Kaspate Wasti, Wakad, Pune, Haveli, Pune, Maharashtra","Maharashtra, HAVELI, SHOP NO 301. TO 310",S2,6+,train,1,False,False,False,False,True,False,False,False,True,True,True,False,0.05263158,0.3693957,0.054054055,0.06060606,0.0,0.0,0.94736844,1,7,False,False,False,False,0.175,0.37837836,0.0,False,0.05263158,0.06060606,0.0,False,0.15315315,0.6083584,0.5,1.0,0.3888889,0.28846154,0.33333334,74,12,False,False,False,True,True,True,False,False,False,True,0.6666667,2,1,1,0.12236842,0.0,0,True,0.0,4,False,0.5039065,0,True,0.0,5,False,0.5611266,0,True,0.0,2,2,4,4.5,0.5611266,0.031009614,104,True,False,0.06060606,0.06060606,False,False,False,False,False,True,1,0.6816817,weak_name_evidence,0.3183183
936,S1-800992800,S3-384005915,Puneet Bpo Ltd,Miraarc+,"1905 Arcade Serene Cts No 33, 14 Abhanga Samata Chsl Sunder Nagar Sv Road, Malad West, Mumbai, Maharashtra","1905 Arcade Serene Cts No 33, 14 Abhanga Samata Chsl Sunder Nagar Sv Road, Malad West, Mumbai, Maharashtra",S3,6+,train,1,False,False,False,False,True,False,True,False,False,False,True,False,0.0,0.0,0.0,0.0,0.0,0.0,0.5,7,2,False,False,False,False,0.035714287,0.058823526,0.0,False,0.0,0.0,0.0,True,1.0,1.0,1.0,1.0,1.0,1.0,1.0,0,0,True,True,True,True,True,True,False,True,True,True,1.0,3,0,0,0.035714287,0.0,0,True,0.0,1,False,0.9307449,0,True,0.0,1,False,0.95798004,0,True,0.0,2,2,1,1.0,0.95798004,0.032786883,101,True,False,0.0,0.0,False,False,False,True,False,True,2,0.6862745,weak_name_evidence,0.31372547
1898,S1-466323180,S3-372880993,Lakshmi Industries,లక్ష్మీ ఇండస్ట్రీస్,"23-39-26/4, Vijayawada Municipal Corporation Revenue Ward 44, Vijayawada, Krishna, Andhra Pradesh","Vijayawada, 23-39-26/4, AP, Krishna",S3,1,train,1,False,False,False,False,True,False,True,False,True,True,True,False,0.055555556,0.3714597,0.057142857,0.057142857,0.0,0.0,0.9444444,1,6,False,False,False,False,0.2631579,0.3255814,0.0,False,0.055555556,0.057142857,0.0,False,0.26881722,0.58993405,0.512,0.9508197,0.42857143,0.27906978,0.34408602,61,7,False,False,False,True,True,True,False,False,False,True,0.8,4,1,1,0.20760235,0.0,0,True,0.0,176,False,0.5798666,0,True,0.0,9,False,0.66015804,0,True,0.0,1,2,9,92.5,0.66015804,0.014492754,205,False,True,0.057142857,0.054332554,False,False,False,True,False,True,2,0.69213367,weak_name_evidence,0.30786633
8616,S1-674268950,S3-429058321,Shiv Hari Systems Private Limited,Quosol,"31, Kohinoor Building 6Th Floor, 105 Park Street, Kolkata, Howrah, West Bengal","31, Kohinoor Building 6Th Floor, 105 Park Street, Kolkata, Howrah, West Bengal",S3,1,train,1,False,False,False,False,True,False,True,False,False,False,True,False,0.060606062,0.3989899,0.051282052,0.051282052,0.0,0.0,0.18181819,27,4,False,False,False,False,0.060606062,0.051282052,0.0,False,0.05882353,0.086956516,0.0,True,1.0,1.0,1.0,1.0,1.0,1.0,1.0,0,0,True,True,True,True,True,True,False,True,True,True,1.0,3,0,0,0.0,-0.0017825328,0,True,0.0,1,False,0.97867346,0,True,0.0,1,False,0.9317858,0,True,0.0,2,2,1,1.0,0.97867346,0.032786883,101,True,False,0.051282052,0.051282052,False,False,False,True,False,True,2,0.6956522,weak_name_evidence,0.3043478
5044,S1-446170008,S3-625735046,Tirupati Industries,तिरुपति इंडस्ट्रीज,"A 47 Nand Jyot Industrial, Estate K A Road Kurla, Mumbai, Maharashtra","Bombay, महाराष्ट्र, Estate K A Road Kurla, NULL, A 0047 Nnd Jyot Industrial",S3,6+,train,1,False,False,False,False,True,False,True,False,True,True,True,False,0.05263158,0.37048504,0.055555552,0.058823526,0.0,0.0,0.8947368,2,6,False,False,False,False,0.27027026,0.35897434,0.0,False,0.05263158,0.058823526,0.0,False,0.33802816,0.6128481,0.6715328,0.7328244,0.36842105,0.43956044,0.92957747,5,5,False,False,False,True,True,True,False,True,True,True,1.0,1,0,0,0.21763867,0.0,0,True,0.0,8,False,0.73390144,0,True,0.0,6,False,0.7936157,0,True,0.0,2,2,6,7.0,0.7936157,0.029857397,106,True,False,0.058823526,0.043107316,False,False,False,False,False,False,1,0.6972663,weak_name_evidence,0.30273372
114,S1-988047816,S2-623738225,Fortune Marketing,फॉर्च्यून मार्केटिंग,"H-1/ 46, Jaipur, Rajasthan, Udyog Vihar Jaitpura, 47","H-#1/ 46, 47, UDYOG VIHAR JAITPURA, JAIPUR, राजस्थान",S2,6+,validation,1,False,False,False,False,True,False,False,False,True,True,True,False,0.05263158,0.37048504,0.055555552,0.058823526,0.0,0.0,0.8947368,2,8,False,False,False,False,0.1904762,0.2105263,0.0,False,0.05263158,0.058823526,0.0,False,0.34042552,0.83749104,0.79569894,0.8915662,0.61538464,0.537037,0.9787234,1,3,True,True,False,True,True,True,False,True,True,True,1.0,3,0,0,0.13784462,0.0,0,True,0.0,4,False,0.84871614,0,True,0.0,2,False,0.9377759,0,True,0.0,2,2,2,3.0,0.9377759,0.03175403,102,True,False,0.058823526,0.05244507,False,False,False,True,False,False,2,0.7006975,weak_name_evidence,0.29930252
7940,S1-804918420,S3-872242133,Classic Engineering,ક્લાસિક એન્જિનિયરિંગ,"Gujarat, Panch Mahals, Labhi, Gayatri Mandir Faliya, Labhi, Post Bhadrala, Tal Shaera Dic. Panch Ma, Hal, Plot No 10","Plot No 10., Labhi, Panch Mahals, ગુજરાત",S3,6+,validation,1,False,False,False,False,True,False,True,False,True,True,True,False,0.05263158,0.36842105,0.052631576,0.055555552,0.0,0.0,1.0,0,7,False,False,False,False,0.24324325,0.21818182,0.0,False,0.05263158,0.055555552,0.0,False,0.24299066,0.5542635,0.44755244,0.89230764,0.3,0.26530612,0.3364486,71,10,False,False,False,True,True,True,False,True,True,True,1.0,1,0,0,0.19061166,0.0,0,True,0.0,5,False,0.6114983,0,True,0.0,2,False,0.5499861,0,True,0.0,2,2,2,3.5,0.6114983,0.031513646,104,True,False,0.055555552,0.049572643,False,False,False,True,False,False,2,0.70349646,weak_name_evidence,0.29650354
5044,S1-446170008,S3-758806951,Tirupati Industries,तिरुपति इंडस्ट्रीज,"A 47 Nand Jyot Industrial, Estate K A Road Kurla, Mumbai, Maharashtra","A 0047 Nand Jyot Industrial, Estate K A Road Kurla, Bombay, NULL, MH",S3,6+,train,1,False,False,False,False,True,False,True,False,True,True,True,False,0.05263158,0.37048504,0.055555552,0.058823526,0.0,0.0,0.8947368,2,6,False,False,False,False,0.27027026,0.35897434,0.0,False,0.05263158,0.058823526,0.0,False,0.77272725,0.9035101,0.7692308,0.80952376,0.53333336,0.5555556,0.969697,2,1,True,False,False,True,True,True,False,True,True,True,1.0,1,0,0,0.21763867,0.0,0,True,0.0,7,False,0.7376213,0,True,0.0,5,False,0.8423672,0,True,0.0,2,2,5,6.0,0.8423672,0.030309988,105,True,False,0.058823526,0.04761904,False,False,False,False,False,False,1,0.7228327,weak_name_evidence,0.27716732
7940,S1-804918420,S2-779964584,Classic Engineering,ક્લાસિક એન્જિનિયરિંગ,"Gujarat, Panch Mahals, Labhi, Gayatri Mandir Faliya, Labhi, Post Bhadrala, Tal Shaera Dic. Panch Ma, Hal, Plot No 10","PLOT NO D/10, PANCH MAHALS, Gujarat",S2,6+,validation,1,False,False,False,False,True,False,False,False,True,True,True,False,0.05263158,0.36842105,0.052631576,0.055555552,0.0,0.0,1.0,0,7,False,False,False,False,0.24324325,0.21818182,0.0,False,0.05263158,0.055555552,0.0,False,0.19626169,0.574266,0.47142854,0.96875,0.33333334,0.24742268,0.3084112,74,12,False,False,False,True,True,True,False,True,True,True,1.0,1,0,0,0.19061166,0.0,0,True,0.0,7,False,0.4719929,0,True,0.0,6,False,0.47351116,0,True,0.0,2,2,6,6.5,0.47351116,0.030076887,105,True,False,0.055555552,0.05381944,False,False,False,True,False,True,2,0.72897726,weak_name_evidence,0.27102274
6091,S1-114344634,S2-99931935,Swastik Technology,സ്വസ്തിക് ടെക്നോളജി,"C/O John Baby Quasys Tc 05/42 Techvalley Manakkunnu Akkulam Sreekariyam Po, Thiruvananthapuram, Trivandrum, Kerala, Thiruvananthapuram","C/O JOHN BABY QUASYS TC 05/42 TECHVALLEY MANAKKUNNU AKKULAM SREEKARIYAM PO, THIRUVANANTHAPURAM, TRIVANDRUM, കേരളം",S2,2,train,1,False,False,False,False,True,False,False,False,True,True,True,False,0.055555556,0.3714597,0.057142857,0.06060606,0.0,0.0,0.9444444,1,6,False,False,False,False,0.21621622,0.2105263,0.0,False,0.055555556,0.06060606,0.0,False,0.8153846,0.95757234,0.8702929,0.9765258,0.8333333,0.88990825,0.8384615,21,0,True,True,False,True,True,True,False,True,True,True,1.0,2,0,0,0.16066067,0.0,0,True,0.0,2,False,0.9161471,0,True,0.0,2,False,0.9452348,0,True,0.0,2,2,2,2.0,0.9452348,0.032258064,102,True,False,0.06060606,0.059183378,False,False,False,True,False,True,2,0.72901744,weak_name_evidence,0.27098256
4262,S1-212099142,S2-684720798,Golden Projects,गोल्डन प्रोजेक्ट्स,"P. No. 27, Simaliya Road, Jpb Nagar, Block A, Bagru, Sanganer, Jaipur, Rajasthan","Rajasthan, null, SANGANER, P. NO. 27",S2,1,validation,1,False,False,False,False,True,False,False,False,True,True,True,False,0.055555556,0.37407407,0.06060606,0.06060606,0.0,0.0,0.8333333,3,7,False,False,False,False,0.25641027,0.29999998,0.0,False,0.055555556,0.06060606,0.0,False,0.2535211,0.6230069,0.52941173,0.91228074,0.35714287,0.25641027,0.43661973,40,7,False,False,False,True,True,True,False,True,True,True,1.0,1,0,0,0.20085472,0.0,0,True,0.0,93,False,0.6002126,0,True,0.0,54,False,0.5836738,0,True,0.0,2,2,54,73.5,0.6002126,0.015307877,193,True,False,0.06060606,0.05528974,False,False,False,True,False,True,2,0.73742694,weak_name_evidence,0.26257306
3330,S1-128074174,S3-950863199,Delta Bright Silver,Delta Silver Center,"107 Third Street, Morgantown, WV",,S3,3-5,train,1,False,False,False,True,False,False,True,False,False,False,True,False,0.47368422,0.87578946,0.7368421,0.7741936,0.5,0.36,1.0,0,0,True,True,False,False,0.47368422,0.7741936,0.5,False,0.47368422,0.7741936,0.5,False,0.0,0.0,0.0,0.0,0.0,0.0,0.0,30,5,False,False,False,True,False,False,True,False,False,False,0.0,0,0,2,0.0,0.0,70,False,0.7023494,0,True,0.0,26,False,0.7421795,0,True,0.0,58,False,0.63256663,3,3,26,51.333332,0.7421795,0.02779479,70,True,False,0.0,0.0,False,False,False,False,False,False,0,0.25806454,weak_overall_similarity,0.7419355
7802,S1-117662279,S3-361453741,Daniels Engineering Inc.,Daniels Inc. Center,"803 Circle Drive, Bethalto, IL",,S3,2,train,1,False,False,False,True,False,False,True,False,False,False,True,False,0.47826087,0.87940824,0.53658533,0.78048784,0.5,0.27586207,0.7826087,5,0,True,True,False,False,0.3478261,0.7586207,0.4,False,0.5263158,0.7567567,0.25,False,0.0,0.0,0.0,0.0,0.0,0.0,0.0,28,5,False,False,False,True,False,False,True,False,False,False,0.0,0,0,1,-0.13043478,0.048054934,25,False,0.7349802,0,True,0.0,44,False,0.7011458,0,True,0.0,171,False,0.669982,2,3,25,80.0,0.7349802,0.021380091,25,True,False,0.0,0.0,False,False,False,False,False,False,0,0.26016262,weak_overall_similarity,0.7398374
1747,S1-744331567,S2-660359431,Products Orion Sports Ltd,sportsorion.com,"102, Technopolis Knowledge, Park, Mahakali Caves Road, Mumbai, Maharashtra","1-02, ANDHERI EAST, महाराष्ट्र",S2,2,train,1,False,False,False,False,True,False,False,False,False,False,True,False,0.4,0.7120635,0.39999998,0.39999998,0.0,0.2962963,0.6,10,2,False,False,False,False,0.4,0.39999998,0.0,False,0.47619048,0.44444442,0.0,False,0.1884058,0.5803062,0.32989687,0.33684212,0.0,0.011235955,0.4057971,41,0,False,False,False,True,True,True,False,False,False,False,0.0,0,3,1,0.0,0.07619047,23,False,0.5783816,0,True,0.0,43,False,0.6346426,0,True,0.0,15,False,0.74706155,3,3,15,27.0,0.74706155,0.035090264,23,True,False,0.33684212,0.13473684,False,False,False,False,False,False,0,0.26042885,weak_overall_similarity,0.73957115
965,S1-81012011,S3-651203380,Mulashi Technological Company,Mulashi Company 5ervice,"Gate No-43, Dattawadi, Mulashi, Pune, Maharashtra",,S3,3-5,validation,1,False,False,False,True,False,False,True,False,False,False,True,False,0.37931034,0.6657921,0.5769231,0.78947365,0.5,0.33333334,0.79310346,6,0,True,True,False,False,0.37931034,0.78947365,0.5,False,0.4347826,0.54545456,0.25,False,0.0,0.0,0.0,0.0,0.0,0.0,0.0,45,7,False,False,False,True,False,False,True,False,False,False,0.0,0,0,1,0.0,0.055472255,25,False,0.63527155,0,True,0.0,0,True,0.0,0,True,0.0,0,True,0.0,1,1,25,25.0,0.63527155,0.011764706,25,True,False,0.0,0.0,False,False,False,False,False,False,0,0.26315787,weak_overall_similarity,0.73684216
3504,S1-711701144,S2-894138222,Magma Retail Clinic,Magma Clinic (Center),"8/201/A, Casa De Dios, Pazhavanchala, Pozhiyoor P O, Thiruvananthapuram, Neyyattinkara, Neyyattinkara, Thiruvananthapuram, Trivandrum, Kerala",,S2,1,train,1,False,False,False,True,False,False,False,False,False,False,True,False,0.47368422,0.87578946,0.6315789,0.78947365,0.5,0.36,1.0,0,0,True,True,False,False,0.47368422,0.78947365,0.5,False,0.47368422,0.78947365,0.5,False,0.0,0.0,0.0,0.0,0.0,0.0,0.0,132,16,False,False,False,True,False,False,True,False,False,False,0.0,0,0,2,0.0,0.0,10,False,0.7026744,0,True,0.0,10,False,0.7532403,0,True,0.0,0,True,0.0,2,2,10,10.0,0.7532403,0.028571429,10,True,False,0.0,0.0,False,False,False,False,False,False,0,0.26315787,weak_overall_similarity,0.73684216
2661,S1-837016965,S2-763681924,Caban and Patten Commerce Inc,Caban and Patten - 6683788782,"Bagdad, KY, 210 Hyatts Store Road",,S2,6+,train,1,False,False,False,True,False,False,False,False,False,False,True,False,0.5862069,0.8431673,0.57142854,0.744186,0.5,0.4054054,0.9310345,2,1,True,True,False,False,0.5964912,0.79999995,0.5,False,0.6296296,0.78048784,0.6,False,0.0,0.0,0.0,0.0,0.0,0.0,0.0,31,6,False,False,False,True,False,False,True,False,False,False,0.0,0,0,1,0.010284305,0.0434227,5,False,0.73182046,0,True,0.0,5,False,0.7042754,0,True,0.0,0,True,0.0,2,2,5,5.0,0.73182046,0.03076923,5,True,False,0.0,0.0,False,False,False,False,False,False,0,0.26666665,weak_overall_similarity,0.73333335
4445,S1-751614145,S3-280986654,Manzanares Motors,Manzanares Mffrgso,"1329 Broadway, Unit Unit 101, Fargo, ND",,S3,6+,train,1,False,False,False,True,False,False,True,False,False,False,True,False,0.7222222,0.9298039,0.79999995,0.79999995,0.33333334,0.47619048,0.9444444,1,0,True,True,False,False,0.41666666,0.7407407,0.25,False,0.7222222,0.79999995,0.33333334,False,0.0,0.0,0.0,0.0,0.0,0.0,0.0,36,7,False,False,False,True,False,False,True,False,False,False,0.0,0,0,2,-0.30555555,0.0,6,False,0.6598733,0,True,0.0,6,False,0.7885314,0,True,0.0,0,True,0.0,2,2,6,6.0,0.7885314,0.030303031,6,True,False,0.0,0.0,False,False,False,False,False,False,0,0.26666665,weak_overall_similarity,0.73333335
9786,S1-193567668,S3-431555947,Beriwal Learning Corporation,Beriwal Corporation Services,"Kasba Peth, Fl No. 6 Palawe Chowk, Pune, Maharashtra",,S3,6+,train,1,False,False,False,True,False,False,True,False,False,False,True,False,0.35714287,0.8677019,0.8214286,0.8214286,0.5,0.44444445,1.0,0,0,True,True,False,False,0.35714287,0.8214286,0.5,False,0.39285713,0.6086956,0.25,False,0.0,0.0,0.0,0.0,0.0,0.0,0.0,48,9,False,False,False,True,False,False,True,False,False,False,0.0,0,0,1,0.0,0.03571427,9,False,0.68190134,0,True,0.0,8,False,0.72572994,0,True,0.0,0,True,0.0,2,2,8,8.5,0.72572994,0.029198635,9,True,False,0.0,0.0,False,False,False,False,False,False,0,0.27380952,weak_overall_similarity,0.72619045
558,S1-822071386,S2-359538491,Davis & Bryant Inc,Davis & Bnn Inc,"5525 Naaman Forest Boulevard, Garland, TX",,S2,6+,train,1,False,False,False,True,False,False,False,False,False,False,True,False,0.75,0.9179487,0.8275862,0.8275862,0.5,0.3888889,0.8125,3,0,True,True,True,False,0.46153846,0.75,0.4,False,0.6666667,0.7619047,0.33333334,False,0.0,0.0,0.0,0.0,0.0,0.0,0.0,39,6,False,False,False,True,False,False,True,False,False,False,0.0,0,0,1,-0.28846154,-0.08333331,54,False,0.6719502,0,True,0.0,236,False,0.6325396,0,True,0.0,0,True,0.0,1,2,54,145.0,0.6719502,0.00877193,54,True,False,0.0,0.0,False,False,False,False,False,False,0,0.27586207,weak_overall_similarity,0.7241379
2685,S1-758069615,S3-150926984,Kloud (india) Group,Kloud (Ainei)D (Ainei)D Group,"Ushus - Edakkoth P O Pantheerankav, Kozhikode, Kerala",,S3,6+,validation,1,False,False,False,True,False,False,True,False,False,False,True,False,0.5925926,0.9023965,0.5,0.8333333,0.4,0.33333334,0.6296296,10,3,True,True,True,False,0.5925926,0.8333333,0.4,False,0.5925926,0.8333333,0.4,False,0.0,0.0,0.0,0.0,0.0,0.0,0.0,49,7,False,False,False,False,False,False,False,False,False,False,0.0,0,0,0,0.0,0.0,44,False,0.60807943,0,True,0.0,0,True,0.0,0,True,0.0,0,True,0.0,1,1,44,44.0,0.60807943,0.009615385,44,True,False,0.0,0.0,False,False,False,False,False,False,0,0.27777776,weak_overall_similarity,0.7222222
6862,S1-457383240,S3-459187439,Mcdonald Express Compania,Mcdonald Express Services,"10627 Dolce Lane, Rosharon, TX",,S3,1,train,1,False,False,False,True,False,False,True,False,False,False,True,False,0.68,0.8934737,0.64,0.78048784,0.5,0.48387095,1.0,0,0,True,True,False,False,0.68,0.83636355,0.6,False,0.68,0.78048784,0.5,False,0.0,0.0,0.0,0.0,0.0,0.0,0.0,28,5,False,False,False,True,False,False,True,False,False,False,0.0,0,0,1,0.0,0.0,3,False,0.77087075,0,True,0.0,3,False,0.8173779,0,True,0.0,9,False,0.6733059,3,3,3,5.0,0.8173779,0.046238787,3,True,False,0.0,0.0,False,False,False,False,False,False,0,0.27878785,weak_overall_similarity,0.72121215
6898,S1-237250813,S2-813383303,Huggins Advanced Shanghai,Huggins Shanghai Partners,"17758 Fulton Street, Goodyear, AZ",,S2,2,train,1,False,False,False,True,False,False,False,False,False,False,True,False,0.4,0.86,0.64,0.79999995,0.5,0.3939394,1.0,0,0,True,True,False,False,0.4,0.84375,0.6,False,0.4,0.79999995,0.5,False,0.0,0.0,0.0,0.0,0.0,0.0,0.0,31,5,False,False,False,True,False,False,True,False,False,False,0.0,0,0,1,0.0,0.0,2,False,0.8622775,0,True,0.0,3,False,0.77829087,0,True,0.0,3,False,0.7826507,3,3,2,2.6666667,0.8622775,0.04787506,2,True,False,0.0,0.0,False,False,False,False,False,False,0,0.28125,weak_overall_similarity,0.71875
434,S1-711796943,S2-226038956,Technologies Kamadhenu Micronutrients,Technologies-Kamadhenu Service,"C/O Arun Kumar Gupta Hardiya More, Siwan, Bihar",,S2,6+,train,1,False,False,False,True,False,False,False,False,False,False,True,False,0.6756757,0.9237323,0.77611935,0.84615386,0.5,0.5,0.8108108,7,0,True,True,False,False,0.6756757,0.84615386,0.5,False,0.6756757,0.84615386,0.5,False,0.0,0.0,0.0,0.0,0.0,0.0,0.0,45,9,False,False,False,False,False,False,False,False,False,False,0.0,0,0,0,0.0,0.0,9,False,0.6886869,0,True,0.0,10,False,0.71311,0,True,0.0,9,False,0.8010647,3,3,9,9.333333,0.8010647,0.04327122,9,True,False,0.0,0.0,False,False,False,False,False,False,0,0.2820513,weak_overall_similarity,0.7179487
9417,S1-945424846,S3-266884017,Adhira Traders Private Limited,Adhira Trders Private Limited - 4491239781,"Manpur Dak Ghar Lane, Buniyadganj, Gaya, Ganj, Gaya, Bihar",,S3,3-5,train,1,False,False,False,True,False,False,True,False,False,False,True,False,0.7,0.90385056,0.8285714,0.84615386,0.5,0.6097561,0.75,10,1,True,True,False,False,0.7,0.84615386,0.5,False,0.3,0.59999996,0.16666667,False,0.0,0.0,0.0,0.0,0.0,0.0,0.0,53,9,False,False,False,False,False,False,False,False,False,False,0.0,0,0,0,0.0,-0.39999998,11,False,0.6555986,0,True,0.0,15,False,0.73736393,0,True,0.0,0,True,0.0,2,2,11,13.0,0.73736393,0.02741784,11,True,False,0.0,0.0,False,False,False,False,False,False,0,0.2820513,weak_overall_similarity,0.7179487
6134,S1-632416491,S2-764872550,"Kora D. Cohen, DDS","Kora D Cohen, Center","2185 Masury Road, Hubbard, OH",,S2,6+,train,1,False,False,False,True,False,False,False,False,False,False,True,False,0.68421054,0.8993421,0.68571424,0.85714287,0.6,0.55,0.84210527,3,0,True,True,False,False,0.5,0.7741936,0.5,False,0.68421054,0.85714287,0.6,False,0.0,0.0,0.0,0.0,0.0,0.0,0.0,27,5,False,False,False,True,False,False,True,False,False,False,0.0,0,0,1,-0.18421054,0.0,28,False,0.7758365,0,True,0.0,26,False,0.9036913,0,True,0.0,0,True,0.0,2,2,26,27.0,0.9036913,0.022991544,28,True,False,0.0,0.0,False,False,False,False,False,False,1,0.2857143,weak_overall_similarity,0.71428573
9372,S1-478271737,S2-788546730,Medina Pioneer Hancock Inc,Medina Pioneer Inc Center #19919,"3223 57th Avenue, Spokane, WA",,S2,6+,train,1,False,False,False,True,False,False,False,False,False,False,True,False,0.58064514,0.8874985,0.7017544,0.8181818,0.5,0.4054054,0.83870965,5,1,True,True,False,False,0.58064514,0.8620689,0.5714286,False,0.5483871,0.7777778,0.33333334,False,0.0,0.0,0.0,0.0,0.0,0.0,0.0,27,5,False,False,False,True,False,False,True,False,False,False,0.0,0,0,2,0.0,-0.032258034,10,False,0.64412004,0,True,0.0,0,True,0.0,0,True,0.0,0,True,0.0,1,1,10,10.0,0.64412004,0.014285714,10,True,False,0.0,0.0,False,False,False,False,False,False,1,0.2873563,weak_overall_similarity,0.71264374
6463,S1-112481599,S2-497607945,Colonial United Solana LLC,Colonial United LLC Partners,"1410 Glen Avenue, Dallas, TX",,S2,6+,train,1,False,False,False,True,False,False,False,False,False,False,True,False,0.60714287,0.91512185,0.8148148,0.8444444,0.6,0.47058824,0.9285714,2,0,True,True,False,False,0.625,0.8627451,0.6666667,False,0.64285713,0.81081074,0.4,False,0.0,0.0,0.0,0.0,0.0,0.0,0.0,26,5,False,False,False,True,False,False,True,False,False,False,0.0,0,0,1,0.017857134,0.03571427,34,False,0.70027864,0,True,0.0,21,False,0.77642477,0,True,0.0,19,False,0.7826681,3,3,19,24.666666,0.7826681,0.035642203,34,True,False,0.0,0.0,False,False,False,False,False,False,1,0.2875817,weak_overall_similarity,0.7124183
2126,S1-428311866,S2-798347230,Lacy Rocky Utility LLC,Lacy Utility LLC Services,"8417 Trail Creek Drive, Sherwood, AR",,S2,3-5,train,1,False,False,False,True,False,False,False,False,False,False,True,False,0.4,0.8409697,0.80851066,0.8421052,0.6,0.4827586,0.88,3,0,True,True,False,False,0.5,0.8636364,0.6666667,False,0.32,0.79999995,0.4,False,0.0,0.0,0.0,0.0,0.0,0.0,0.0,34,6,False,False,False,True,False,False,True,False,False,False,0.0,0,0,1,0.099999994,-0.08000001,3,False,0.7894912,0,True,0.0,3,False,0.7529374,0,True,0.0,3,False,0.73432827,3,3,3,3.0,0.7894912,0.047619052,3,True,False,0.0,0.0,False,False,False,False,False,False,1,0.28787878,weak_overall_similarity,0.71212125
