column,dtype,family,role,description,missing_convention,requires_fitted_state,recommended_task4,leakage_note
eval_index,int32,identifier,metadata,Eval index.,No NaN/inf; absence is represented by explicit indicators or zero similarity.,False,False,Identifier retained only for joins and audit; excluded from predictive inputs.
source1_entity_id,object,identifier,metadata,Source1 entity id.,No NaN/inf; absence is represented by explicit indicators or zero similarity.,False,False,Identifier retained only for joins and audit; excluded from predictive inputs.
candidate_entity_id,object,identifier,metadata,Candidate entity id.,No NaN/inf; absence is represented by explicit indicators or zero similarity.,False,False,Identifier retained only for joins and audit; excluded from predictive inputs.
candidate_source,object,source_metadata,predictive_feature,Candidate provenance; S2 or S3.,No NaN/inf; absence is represented by explicit indicators or zero similarity.,False,False,Available for every inference-time candidate.
match_group,object,analysis_metadata,analysis_only,Ground-truth-derived analysis group. Never use as a classifier feature.,No NaN/inf; absence is represented by explicit indicators or zero similarity.,False,False,match_group is ground-truth-derived and unsafe for prediction.
split,object,analysis_metadata,analysis_only,Entity-level train/validation assignment; metadata only.,No NaN/inf; absence is represented by explicit indicators or zero similarity.,False,False,Split membership is not a model feature.
label,uint8,target,target,Ground-truth match target. Never used to calculate another pair feature.,No NaN/inf; absence is represented by explicit indicators or zero similarity.,False,False,Ground truth is used only here and in post-feature analysis.
s1_name_missing,bool,missingness,validation_only,S1 name missing.,No NaN/inf; absence is represented by explicit indicators or zero similarity.,False,False,Available at inference time.
candidate_name_missing,bool,missingness,predictive_feature,Candidate name missing.,No NaN/inf; absence is represented by explicit indicators or zero similarity.,False,False,Available at inference time.
s1_address_missing,bool,missingness,validation_only,S1 address missing.,No NaN/inf; absence is represented by explicit indicators or zero similarity.,False,False,Available at inference time.
candidate_address_missing,bool,missingness,predictive_feature,Candidate address missing.,No NaN/inf; absence is represented by explicit indicators or zero similarity.,False,True,Available at inference time.
both_addresses_present,bool,missingness,predictive_feature,Both addresses present.,No NaN/inf; absence is represented by explicit indicators or zero similarity.,False,False,Available at inference time.
both_addresses_missing,bool,missingness,validation_only,Both addresses missing.,No NaN/inf; absence is represented by explicit indicators or zero similarity.,False,False,Available at inference time.
candidate_source_s3,bool,source_metadata,predictive_feature,Candidate source s3.,No NaN/inf; absence is represented by explicit indicators or zero similarity.,False,True,Available for every inference-time candidate.
s1_name_non_ascii,bool,missingness,validation_only,S1 name non ascii.,No NaN/inf; absence is represented by explicit indicators or zero similarity.,False,False,Available at inference time.
candidate_name_non_ascii,bool,missingness,predictive_feature,Candidate name non ascii.,No NaN/inf; absence is represented by explicit indicators or zero similarity.,False,False,Available at inference time.
cross_script_name,bool,interpretable_interaction,predictive_feature,Cross script name.,No NaN/inf; absence is represented by explicit indicators or zero similarity.,False,True,Deterministic combination of inference-time pair features.
country_exact,bool,country_validation,validation_only,Normalized country agreement; validation-only because country blocking makes this constant.,No NaN/inf; absence is represented by explicit indicators or zero similarity.,False,False,Constant after country blocking; retained as a sanity check only.
name_exact,bool,baseline_name_similarity,predictive_feature,Name exact.,No NaN/inf; absence is represented by explicit indicators or zero similarity.,False,True,Deterministic pair transformation.
name_levenshtein,float32,baseline_name_similarity,predictive_feature,Name levenshtein.,No NaN/inf; absence is represented by explicit indicators or zero similarity.,False,True,Deterministic pair transformation.
name_jaro_winkler,float32,baseline_name_similarity,predictive_feature,Name jaro winkler.,No NaN/inf; absence is represented by explicit indicators or zero similarity.,False,True,Deterministic pair transformation.
name_token_sort,float32,baseline_name_similarity,predictive_feature,Name token sort.,No NaN/inf; absence is represented by explicit indicators or zero similarity.,False,True,Deterministic pair transformation.
name_token_set,float32,baseline_name_similarity,predictive_feature,Name token set.,No NaN/inf; absence is represented by explicit indicators or zero similarity.,False,True,Deterministic pair transformation.
name_token_jaccard,float32,baseline_name_similarity,predictive_feature,Name token jaccard.,No NaN/inf; absence is represented by explicit indicators or zero similarity.,False,True,Deterministic pair transformation.
name_char3_jaccard,float32,baseline_name_similarity,predictive_feature,Name char3 jaccard.,No NaN/inf; absence is represented by explicit indicators or zero similarity.,False,True,Deterministic pair transformation.
name_length_ratio,float32,baseline_name_similarity,predictive_feature,Name length ratio.,No NaN/inf; absence is represented by explicit indicators or zero similarity.,False,True,Deterministic pair transformation.
name_length_difference,uint16,baseline_name_similarity,predictive_feature,Name length difference.,No NaN/inf; absence is represented by explicit indicators or zero similarity.,False,False,Deterministic pair transformation.
name_token_count_difference,uint16,baseline_name_similarity,predictive_feature,Name token count difference.,No NaN/inf; absence is represented by explicit indicators or zero similarity.,False,True,Deterministic pair transformation.
name_first_token_exact,bool,baseline_name_similarity,predictive_feature,Name first token exact.,No NaN/inf; absence is represented by explicit indicators or zero similarity.,False,True,Deterministic pair transformation.
name_prefix4_exact,bool,baseline_name_similarity,predictive_feature,Name prefix4 exact.,No NaN/inf; absence is represented by explicit indicators or zero similarity.,False,False,Deterministic pair transformation.
name_suffix4_exact,bool,baseline_name_similarity,predictive_feature,Name suffix4 exact.,No NaN/inf; absence is represented by explicit indicators or zero similarity.,False,False,Deterministic pair transformation.
transliterated_name_exact,bool,transliterated_name_similarity,predictive_feature,Transliterated name exact.,No NaN/inf; absence is represented by explicit indicators or zero similarity.,False,True,Deterministic pair transformation using frozen Task 2.5 transliteration.
transliterated_name_levenshtein,float32,transliterated_name_similarity,predictive_feature,Transliterated name levenshtein.,No NaN/inf; absence is represented by explicit indicators or zero similarity.,False,True,Deterministic pair transformation using frozen Task 2.5 transliteration.
transliterated_name_token_set,float32,transliterated_name_similarity,predictive_feature,Transliterated name token set.,No NaN/inf; absence is represented by explicit indicators or zero similarity.,False,True,Deterministic pair transformation using frozen Task 2.5 transliteration.
transliterated_name_token_jaccard,float32,transliterated_name_similarity,predictive_feature,Transliterated name token jaccard.,No NaN/inf; absence is represented by explicit indicators or zero similarity.,False,False,Deterministic pair transformation using frozen Task 2.5 transliteration.
suffix_name_exact,bool,legal_suffix_name_similarity,predictive_feature,Suffix name exact.,No NaN/inf; absence is represented by explicit indicators or zero similarity.,False,True,Deterministic pair transformation using frozen Task 2.5 suffix normalization.
suffix_name_levenshtein,float32,legal_suffix_name_similarity,predictive_feature,Suffix name levenshtein.,No NaN/inf; absence is represented by explicit indicators or zero similarity.,False,True,Deterministic pair transformation using frozen Task 2.5 suffix normalization.
suffix_name_token_set,float32,legal_suffix_name_similarity,predictive_feature,Suffix name token set.,No NaN/inf; absence is represented by explicit indicators or zero similarity.,False,True,Deterministic pair transformation using frozen Task 2.5 suffix normalization.
suffix_name_token_jaccard,float32,legal_suffix_name_similarity,predictive_feature,Suffix name token jaccard.,No NaN/inf; absence is represented by explicit indicators or zero similarity.,False,False,Deterministic pair transformation using frozen Task 2.5 suffix normalization.
address_exact,bool,address_similarity,predictive_feature,Address exact.,No NaN/inf; absence is represented by explicit indicators or zero similarity.,False,True,Deterministic pair transformation.
address_levenshtein,float32,address_similarity,predictive_feature,Address levenshtein.,No NaN/inf; absence is represented by explicit indicators or zero similarity.,False,True,Deterministic pair transformation.
address_jaro_winkler,float32,address_similarity,predictive_feature,Address jaro winkler.,No NaN/inf; absence is represented by explicit indicators or zero similarity.,False,True,Deterministic pair transformation.
address_token_sort,float32,address_similarity,predictive_feature,Address token sort.,No NaN/inf; absence is represented by explicit indicators or zero similarity.,False,True,Deterministic pair transformation.
address_token_set,float32,address_similarity,predictive_feature,Address token set.,No NaN/inf; absence is represented by explicit indicators or zero similarity.,False,True,Deterministic pair transformation.
address_token_jaccard,float32,address_similarity,predictive_feature,Address token jaccard.,No NaN/inf; absence is represented by explicit indicators or zero similarity.,False,True,Deterministic pair transformation.
address_char3_jaccard,float32,address_similarity,predictive_feature,Address char3 jaccard.,No NaN/inf; absence is represented by explicit indicators or zero similarity.,False,True,Deterministic pair transformation.
address_length_ratio,float32,address_similarity,predictive_feature,Address length ratio.,No NaN/inf; absence is represented by explicit indicators or zero similarity.,False,True,Deterministic pair transformation.
address_length_difference,uint16,address_similarity,predictive_feature,Address length difference.,No NaN/inf; absence is represented by explicit indicators or zero similarity.,False,False,Deterministic pair transformation.
address_token_count_difference,uint16,address_similarity,predictive_feature,Address token count difference.,No NaN/inf; absence is represented by explicit indicators or zero similarity.,False,True,Deterministic pair transformation.
address_first_token_exact,bool,address_similarity,predictive_feature,Address first token exact.,No NaN/inf; absence is represented by explicit indicators or zero similarity.,False,True,Deterministic pair transformation.
address_prefix4_exact,bool,address_similarity,predictive_feature,Address prefix4 exact.,No NaN/inf; absence is represented by explicit indicators or zero similarity.,False,False,Deterministic pair transformation.
address_suffix4_exact,bool,address_similarity,predictive_feature,Address suffix4 exact.,No NaN/inf; absence is represented by explicit indicators or zero similarity.,False,False,Deterministic pair transformation.
s1_address_has_numbers,bool,address_number_structure,predictive_feature,S1 address has numbers.,No NaN/inf; absence is represented by explicit indicators or zero similarity.,False,False,Deterministic pair transformation using frozen Task 2.5 number normalization.
candidate_address_has_numbers,bool,address_number_structure,predictive_feature,Candidate address has numbers.,No NaN/inf; absence is represented by explicit indicators or zero similarity.,False,False,Deterministic pair transformation using frozen Task 2.5 number normalization.
both_addresses_have_numbers,bool,address_number_structure,predictive_feature,Both addresses have numbers.,No NaN/inf; absence is represented by explicit indicators or zero similarity.,False,True,Deterministic pair transformation using frozen Task 2.5 number normalization.
one_address_missing_numbers,bool,address_number_structure,predictive_feature,One address missing numbers.,No NaN/inf; absence is represented by explicit indicators or zero similarity.,False,True,Deterministic pair transformation using frozen Task 2.5 number normalization.
address_number_set_exact,bool,address_number_structure,predictive_feature,Address number set exact.,No NaN/inf; absence is represented by explicit indicators or zero similarity.,False,True,Deterministic pair transformation using frozen Task 2.5 number normalization.
address_number_ordered_exact,bool,address_number_structure,predictive_feature,Address number ordered exact.,No NaN/inf; absence is represented by explicit indicators or zero similarity.,False,False,Deterministic pair transformation using frozen Task 2.5 number normalization.
address_first_number_exact,bool,address_number_structure,predictive_feature,Address first number exact.,No NaN/inf; absence is represented by explicit indicators or zero similarity.,False,True,Deterministic pair transformation using frozen Task 2.5 number normalization.
address_number_jaccard,float32,address_number_structure,predictive_feature,Address number jaccard.,No NaN/inf; absence is represented by explicit indicators or zero similarity.,False,True,Deterministic pair transformation using frozen Task 2.5 number normalization.
address_shared_number_count,uint8,address_number_structure,predictive_feature,Address shared number count.,No NaN/inf; absence is represented by explicit indicators or zero similarity.,False,False,Deterministic pair transformation using frozen Task 2.5 number normalization.
address_conflicting_number_count,uint8,address_number_structure,predictive_feature,Address conflicting number count.,No NaN/inf; absence is represented by explicit indicators or zero similarity.,False,True,Deterministic pair transformation using frozen Task 2.5 number normalization.
address_number_count_difference,uint8,address_number_structure,predictive_feature,Address number count difference.,No NaN/inf; absence is represented by explicit indicators or zero similarity.,False,True,Deterministic pair transformation using frozen Task 2.5 number normalization.
transliteration_levenshtein_gain,float32,transliterated_name_similarity,predictive_feature,Transliteration levenshtein gain.,No NaN/inf; absence is represented by explicit indicators or zero similarity.,False,True,Deterministic pair transformation using frozen Task 2.5 transliteration.
suffix_levenshtein_gain,float32,legal_suffix_name_similarity,predictive_feature,Suffix levenshtein gain.,No NaN/inf; absence is represented by explicit indicators or zero similarity.,False,True,Deterministic pair transformation using frozen Task 2.5 suffix normalization.
baseline_name_rank,uint16,retrieval_evidence,predictive_feature,Baseline name rank.,0 means not retrieved in the saved top-250 signal; paired missing indicator is explicit.,True,True,Safe only when generated by the frozen training-independent retrieval pipeline.
baseline_name_rank_missing,bool,retrieval_evidence,predictive_feature,Baseline name rank missing.,No NaN/inf; absence is represented by explicit indicators or zero similarity.,True,True,Safe only when generated by the frozen training-independent retrieval pipeline.
baseline_name_score,float32,retrieval_evidence,predictive_feature,Baseline name score.,0 when rank is missing; consult the paired rank-missing indicator.,True,True,Safe only when generated by the frozen training-independent retrieval pipeline.
baseline_address_rank,uint16,retrieval_evidence,predictive_feature,Baseline address rank.,0 means not retrieved in the saved top-250 signal; paired missing indicator is explicit.,True,True,Safe only when generated by the frozen training-independent retrieval pipeline.
baseline_address_rank_missing,bool,retrieval_evidence,predictive_feature,Baseline address rank missing.,No NaN/inf; absence is represented by explicit indicators or zero similarity.,True,True,Safe only when generated by the frozen training-independent retrieval pipeline.
baseline_address_score,float32,retrieval_evidence,predictive_feature,Baseline address score.,0 when rank is missing; consult the paired rank-missing indicator.,True,True,Safe only when generated by the frozen training-independent retrieval pipeline.
transliterated_name_rank,uint16,retrieval_evidence,predictive_feature,Transliterated name rank.,0 means not retrieved in the saved top-250 signal; paired missing indicator is explicit.,True,True,Safe only when generated by the frozen training-independent retrieval pipeline.
transliterated_name_rank_missing,bool,retrieval_evidence,predictive_feature,Transliterated name rank missing.,No NaN/inf; absence is represented by explicit indicators or zero similarity.,True,True,Safe only when generated by the frozen training-independent retrieval pipeline.
transliterated_name_score,float32,retrieval_evidence,predictive_feature,Transliterated name score.,0 when rank is missing; consult the paired rank-missing indicator.,True,True,Safe only when generated by the frozen training-independent retrieval pipeline.
number_address_rank,uint16,retrieval_evidence,predictive_feature,Number address rank.,0 means not retrieved in the saved top-250 signal; paired missing indicator is explicit.,True,True,Safe only when generated by the frozen training-independent retrieval pipeline.
number_address_rank_missing,bool,retrieval_evidence,predictive_feature,Number address rank missing.,No NaN/inf; absence is represented by explicit indicators or zero similarity.,True,True,Safe only when generated by the frozen training-independent retrieval pipeline.
number_address_score,float32,retrieval_evidence,predictive_feature,Number address score.,0 when rank is missing; consult the paired rank-missing indicator.,True,True,Safe only when generated by the frozen training-independent retrieval pipeline.
suffix_name_rank,uint16,retrieval_evidence,predictive_feature,Suffix name rank.,0 means not retrieved in the saved top-250 signal; paired missing indicator is explicit.,True,True,Safe only when generated by the frozen training-independent retrieval pipeline.
suffix_name_rank_missing,bool,retrieval_evidence,predictive_feature,Suffix name rank missing.,No NaN/inf; absence is represented by explicit indicators or zero similarity.,True,True,Safe only when generated by the frozen training-independent retrieval pipeline.
suffix_name_score,float32,retrieval_evidence,predictive_feature,Suffix name score.,0 when rank is missing; consult the paired rank-missing indicator.,True,True,Safe only when generated by the frozen training-independent retrieval pipeline.
retrieval_signal_count_top100,uint8,retrieval_evidence,predictive_feature,Retrieval signal count top100.,No NaN/inf; absence is represented by explicit indicators or zero similarity.,True,True,Safe only when generated by the frozen training-independent retrieval pipeline.
retrieval_signal_count_top250,uint8,retrieval_evidence,predictive_feature,Retrieval signal count top250.,No NaN/inf; absence is represented by explicit indicators or zero similarity.,True,False,Safe only when generated by the frozen training-independent retrieval pipeline.
retrieval_best_rank,uint16,retrieval_evidence,predictive_feature,Retrieval best rank.,0 means not retrieved in the saved top-250 signal; paired missing indicator is explicit.,True,True,Safe only when generated by the frozen training-independent retrieval pipeline.
retrieval_mean_rank_present,float32,retrieval_evidence,predictive_feature,Retrieval mean rank present.,No NaN/inf; absence is represented by explicit indicators or zero similarity.,True,True,Safe only when generated by the frozen training-independent retrieval pipeline.
retrieval_best_score,float32,retrieval_evidence,predictive_feature,Retrieval best score.,0 when rank is missing; consult the paired rank-missing indicator.,True,True,Safe only when generated by the frozen training-independent retrieval pipeline.
retrieval_rrf_score_top100,float32,retrieval_evidence,predictive_feature,Frozen reciprocal-rank evidence summed across signals with 1/(60+rank).,No NaN/inf; absence is represented by explicit indicators or zero similarity.,True,True,Safe only when generated by the frozen training-independent retrieval pipeline.
frozen_candidate_position,uint16,retrieval_evidence,predictive_feature,Position in the frozen baseline-preserving candidate list; not a calibrated rank.,No NaN/inf; absence is represented by explicit indicators or zero similarity.,True,True,Safe only when generated by the frozen training-independent retrieval pipeline.
task2_baseline_member,bool,retrieval_evidence,predictive_feature,Candidate appeared in the original name-top-100 or address-top-100 union.,No NaN/inf; absence is represented by explicit indicators or zero similarity.,True,True,Safe only when generated by the frozen training-independent retrieval pipeline.
task2_5_augmentation_only,bool,retrieval_evidence,predictive_feature,Candidate was added only by Task 2.5 augmentation.,No NaN/inf; absence is represented by explicit indicators or zero similarity.,True,False,Safe only when generated by the frozen training-independent retrieval pipeline.
name_address_similarity_min,float32,baseline_name_similarity,predictive_feature,Name address similarity min.,No NaN/inf; absence is represented by explicit indicators or zero similarity.,False,False,Deterministic pair transformation.
name_address_similarity_product,float32,baseline_name_similarity,predictive_feature,Name address similarity product.,No NaN/inf; absence is represented by explicit indicators or zero similarity.,False,True,Deterministic pair transformation.
strong_name_and_address,bool,interpretable_interaction,predictive_feature,Strong name and address.,No NaN/inf; absence is represented by explicit indicators or zero similarity.,False,True,Deterministic combination of inference-time pair features.
transliteration_rescue,bool,interpretable_interaction,predictive_feature,Transliteration rescue.,No NaN/inf; absence is represented by explicit indicators or zero similarity.,False,False,Deterministic combination of inference-time pair features.
legal_suffix_rescue,bool,interpretable_interaction,predictive_feature,Legal suffix rescue.,No NaN/inf; absence is represented by explicit indicators or zero similarity.,False,True,Deterministic combination of inference-time pair features.
strong_address_and_number,bool,address_number_structure,predictive_feature,Strong address and number.,No NaN/inf; absence is represented by explicit indicators or zero similarity.,False,True,Deterministic pair transformation using frozen Task 2.5 number normalization.
high_name_numeric_conflict,bool,interpretable_interaction,predictive_feature,High name numeric conflict.,No NaN/inf; absence is represented by explicit indicators or zero similarity.,False,True,Deterministic combination of inference-time pair features.
high_address_weak_name,bool,interpretable_interaction,predictive_feature,High address weak name.,No NaN/inf; absence is represented by explicit indicators or zero similarity.,False,False,Deterministic combination of inference-time pair features.
independent_strong_signal_count,uint8,interpretable_interaction,predictive_feature,Independent strong signal count.,No NaN/inf; absence is represented by explicit indicators or zero similarity.,False,True,Deterministic combination of inference-time pair features.
