lower_bound,upper_bound,pairs,positive_links,mean_predicted_probability,observed_positive_rate,absolute_calibration_gap
0.0,1e-06,300045,1,2.1167234365293552e-07,3.332833408322085e-06,3.1211610646691493e-06
1e-06,1e-05,111064,2,3.490183189569507e-06,1.8007635237340633e-05,1.4517452047771127e-05
1e-05,0.0001,51048,2,3.251004090998322e-05,3.9178812098417176e-05,6.668771188433958e-06
0.0001,0.001,17985,6,0.0003209344868082553,0.0003336113427856547,1.2676855977399406e-05
0.001,0.01,7125,22,0.00339077552780509,0.003087719298245614,0.00030305622955947593
0.01,0.05,2671,30,0.02344551309943199,0.011231748408835642,0.01221376469059635
0.05,0.1,896,23,0.07113991677761078,0.025669642857142856,0.04547027392046792
0.1,0.2,769,28,0.14341118931770325,0.036410923276983094,0.10700026604072016
0.2,0.5,968,70,0.32446596026420593,0.07231404958677685,0.2521519106774291
0.5,0.8,636,94,0.6544197797775269,0.14779874213836477,0.5066210376391621
0.8,0.9,295,92,0.8566051721572876,0.31186440677966104,0.5447407653776266
0.9,0.95,239,103,0.9264850616455078,0.4309623430962343,0.4955227185492735
0.95,0.99,509,318,0.9755967259407043,0.6247544204322201,0.3508423055084843
0.99,0.999,792,732,0.9962763786315918,0.9242424242424242,0.0720339543891676
0.999,1.0000001,4943,4931,0.9998907446861267,0.9975723244992919,0.002318420186834813
