rule_name,rule_family,parameters,complexity_order,true_positive_links,false_positive_links,false_negative_retrieved_links,candidate_generation_missed_links,false_negative_end_to_end_links,predicted_links,precision,recall_retrieved,f1_retrieved,recall_end_to_end,f1_end_to_end,average_predicted_matches_per_entity,entities_with_zero_predictions,complete_entity_matches_retrieved,complete_entity_match_rate_retrieved,complete_entity_matches_end_to_end,complete_entity_match_rate_end_to_end,selected
global_p_ge_0.05,global_probability_threshold,"{""probability_threshold"": 0.05}",1,6391,3656,63,239,302,10047,0.6361102816761223,0.9902386117136659,0.7746197200169687,0.9548782309875989,0.7635603345280765,5.0235,2,330,0.165,307,0.1535,False
global_p_ge_0.1,global_probability_threshold,"{""probability_threshold"": 0.1}",1,6368,2783,86,239,325,9151,0.6958802316686701,0.986674930275798,0.8161486702979814,0.9514418048707605,0.8038374147942439,4.5755,4,495,0.2475,458,0.229,False
global_p_ge_0.2,global_probability_threshold,"{""probability_threshold"": 0.2}",1,6340,2042,114,239,353,8382,0.7563827248866619,0.9823365354818717,0.8546778107306553,0.9472583295980875,0.8411276948590382,4.191,4,714,0.357,656,0.328,False
global_p_ge_0.3,global_probability_threshold,"{""probability_threshold"": 0.3}",1,6319,1634,135,239,374,7953,0.7945429397711555,0.979082739386427,0.8772124661622821,0.9441207231435829,0.8628977195138603,3.9765,9,864,0.432,789,0.3945,False
global_p_ge_0.4,global_probability_threshold,"{""probability_threshold"": 0.4}",1,6293,1323,161,239,400,7616,0.8262867647058824,0.9750542299349241,0.8945273631840797,0.9402360675332437,0.8795862743727723,3.808,10,988,0.494,903,0.4515,False
global_p_ge_0.5,global_probability_threshold,"{""probability_threshold"": 0.5}",1,6270,1144,184,239,423,7414,0.8456973293768546,0.9714905484970561,0.9042399769252958,0.9367996414164051,0.8889203941305734,3.707,14,1063,0.5315,971,0.4855,False
global_p_ge_0.6,global_probability_threshold,"{""probability_threshold"": 0.6}",1,6252,963,202,239,441,7215,0.8665280665280666,0.9687015804152463,0.9147706489136,0.9341102644554011,0.8990509059534081,3.6075,20,1143,0.5715,1046,0.523,False
global_p_ge_0.7,global_probability_threshold,"{""probability_threshold"": 0.7}",1,6218,778,236,239,475,6996,0.8887935963407662,0.9634335295940502,0.9246096654275092,0.9290303301957269,0.9084666520563957,3.498,25,1224,0.612,1121,0.5605,False
global_p_ge_0.8,global_probability_threshold,"{""probability_threshold"": 0.8}",1,6176,602,278,239,517,6778,0.9111832398937739,0.9569259374031608,0.9334945586457073,0.9227551172867174,0.9169326701803875,3.389,32,1312,0.656,1198,0.599,False
global_p_ge_0.9,global_probability_threshold,"{""probability_threshold"": 0.9}",1,6084,399,370,239,609,6483,0.9384544192503471,0.9426712116516889,0.9405580892015152,0.9090094128193635,0.9234972677595629,3.2415,42,1397,0.6985,1281,0.6405,False
global_p_ge_0.95,global_probability_threshold,"{""probability_threshold"": 0.95}",1,5981,263,473,239,712,6244,0.9578795643818065,0.9267121165168888,0.9420381162387778,0.8936202002091738,0.9246347684934684,3.122,54,1427,0.7135,1304,0.652,True
global_p_ge_0.98,global_probability_threshold,"{""probability_threshold"": 0.98}",1,5824,142,630,239,869,5966,0.9761984579282601,0.9023861171366594,0.937842190016103,0.8701628567159719,0.9201358717118256,2.983,69,1428,0.714,1302,0.651,False
global_p_ge_0.99,global_probability_threshold,"{""probability_threshold"": 0.99}",1,5663,72,791,239,1030,5735,0.9874455100261552,0.8774403470715835,0.9291984576257282,0.8461078738981025,0.9113292565175412,2.8675,85,1381,0.6905,1263,0.6315,False
global_p_ge_0.995,global_probability_threshold,"{""probability_threshold"": 0.995}",1,5476,39,978,239,1217,5515,0.9929283771532185,0.8484660675550046,0.9150304954465702,0.8181682354698939,0.897116644823067,2.7575,102,1305,0.6525,1195,0.5975,False
top_5_and_p_ge_0.05,top_k_and_probability_threshold,"{""probability_threshold"": 0.05, ""top_k"": 5}",2,5745,2151,709,239,948,7896,0.7275835866261399,0.8901456461109389,0.8006968641114983,0.8583594800537876,0.7875796833230517,3.948,2,368,0.184,301,0.1505,False
top_5_and_p_ge_0.1,top_k_and_probability_threshold,"{""probability_threshold"": 0.1, ""top_k"": 5}",2,5741,1749,713,239,952,7490,0.7664886515353805,0.8895258754260923,0.8234366035570855,0.85776184072912,0.8095607417330607,3.745,4,476,0.238,401,0.2005,False
top_5_and_p_ge_0.2,top_k_and_probability_threshold,"{""probability_threshold"": 0.2, ""top_k"": 5}",2,5728,1369,726,239,965,7097,0.8071015922220657,0.8875116207003408,0.8453988635525053,0.8558195129239504,0.8307469180565628,3.5485,4,636,0.318,552,0.276,False
top_5_and_p_ge_0.3,top_k_and_probability_threshold,"{""probability_threshold"": 0.3, ""top_k"": 5}",2,5719,1133,735,239,974,6852,0.8346468184471687,0.886117136659436,0.8596122050202916,0.8544748244434484,0.8444444444444444,3.426,9,743,0.3715,649,0.3245,False
top_5_and_p_ge_0.5,top_k_and_probability_threshold,"{""probability_threshold"": 0.5, ""top_k"": 5}",2,5694,834,760,239,999,6528,0.8722426470588235,0.8822435698791448,0.8772146048374673,0.8507395786642761,0.8613569321533923,3.264,14,881,0.4405,781,0.3905,False
top_5_and_p_ge_0.7,top_k_and_probability_threshold,"{""probability_threshold"": 0.7, ""top_k"": 5}",2,5661,582,793,239,1032,6243,0.9067755886592984,0.8771304617291602,0.8917067023706386,0.8458090542357687,0.8752319109461966,3.1215,25,1004,0.502,899,0.4495,False
top_5_and_p_ge_0.9,top_k_and_probability_threshold,"{""probability_threshold"": 0.9, ""top_k"": 5}",2,5572,312,882,239,1121,5884,0.946974847042828,0.8633405639913232,0.9032258064516128,0.8325115792619154,0.8860618589488749,2.942,42,1149,0.5745,1037,0.5185,False
top_5_and_p_ge_0.95,top_k_and_probability_threshold,"{""probability_threshold"": 0.95, ""top_k"": 5}",2,5500,205,954,239,1193,5705,0.9640666082383874,0.8521846916640843,0.9046796611563451,0.8217540714178992,0.8872398773995807,2.8525,54,1180,0.59,1062,0.531,False
top_10_and_p_ge_0.05,top_k_and_probability_threshold,"{""probability_threshold"": 0.05, ""top_k"": 10}",2,6389,3533,65,239,304,9922,0.6439225962507559,0.9899287263712426,0.7802882266731803,0.9545794113252652,0.7690640987059886,4.961,2,330,0.165,307,0.1535,False
top_10_and_p_ge_0.1,top_k_and_probability_threshold,"{""probability_threshold"": 0.1, ""top_k"": 10}",2,6367,2729,87,239,326,9096,0.6999780123131046,0.9865199876045863,0.8189067524115755,0.9512923950395936,0.8065108619925264,4.548,4,495,0.2475,458,0.229,False
top_10_and_p_ge_0.2,top_k_and_probability_threshold,"{""probability_threshold"": 0.2, ""top_k"": 10}",2,6339,2019,115,239,354,8358,0.758435032304379,0.9821815928106601,0.8559276262489873,0.9471089197669207,0.8423360574048236,4.179,4,714,0.357,656,0.328,False
top_10_and_p_ge_0.3,top_k_and_probability_threshold,"{""probability_threshold"": 0.3, ""top_k"": 10}",2,6318,1622,136,239,375,7940,0.7957178841309823,0.9789277967152153,0.8778657774072529,0.9439713133124159,0.8635276429987014,3.97,9,864,0.432,789,0.3945,False
top_10_and_p_ge_0.5,top_k_and_probability_threshold,"{""probability_threshold"": 0.5, ""top_k"": 10}",2,6270,1139,184,239,423,7409,0.8462680523687407,0.9714905484970561,0.9045661112313352,0.9367996414164051,0.8892355694227769,3.7045,14,1063,0.5315,971,0.4855,False
top_10_and_p_ge_0.7,top_k_and_probability_threshold,"{""probability_threshold"": 0.7, ""top_k"": 10}",2,6218,777,236,239,475,6995,0.8889206576125804,0.9634335295940502,0.9246784147520262,0.9290303301957269,0.9085330216247808,3.4975,25,1224,0.612,1121,0.5605,False
top_10_and_p_ge_0.9,top_k_and_probability_threshold,"{""probability_threshold"": 0.9, ""top_k"": 10}",2,6084,399,370,239,609,6483,0.9384544192503471,0.9426712116516889,0.9405580892015152,0.9090094128193635,0.9234972677595629,3.2415,42,1397,0.6985,1281,0.6405,False
top_10_and_p_ge_0.95,top_k_and_probability_threshold,"{""probability_threshold"": 0.95, ""top_k"": 10}",2,5981,263,473,239,712,6244,0.9578795643818065,0.9267121165168888,0.9420381162387778,0.8936202002091738,0.9246347684934684,3.122,54,1427,0.7135,1304,0.652,False
top_20_and_p_ge_0.05,top_k_and_probability_threshold,"{""probability_threshold"": 0.05, ""top_k"": 20}",2,6391,3656,63,239,302,10047,0.6361102816761223,0.9902386117136659,0.7746197200169687,0.9548782309875989,0.7635603345280765,5.0235,2,330,0.165,307,0.1535,False
top_20_and_p_ge_0.1,top_k_and_probability_threshold,"{""probability_threshold"": 0.1, ""top_k"": 20}",2,6368,2783,86,239,325,9151,0.6958802316686701,0.986674930275798,0.8161486702979814,0.9514418048707605,0.8038374147942439,4.5755,4,495,0.2475,458,0.229,False
top_20_and_p_ge_0.2,top_k_and_probability_threshold,"{""probability_threshold"": 0.2, ""top_k"": 20}",2,6340,2042,114,239,353,8382,0.7563827248866619,0.9823365354818717,0.8546778107306553,0.9472583295980875,0.8411276948590382,4.191,4,714,0.357,656,0.328,False
top_20_and_p_ge_0.3,top_k_and_probability_threshold,"{""probability_threshold"": 0.3, ""top_k"": 20}",2,6319,1634,135,239,374,7953,0.7945429397711555,0.979082739386427,0.8772124661622821,0.9441207231435829,0.8628977195138603,3.9765,9,864,0.432,789,0.3945,False
top_20_and_p_ge_0.5,top_k_and_probability_threshold,"{""probability_threshold"": 0.5, ""top_k"": 20}",2,6270,1144,184,239,423,7414,0.8456973293768546,0.9714905484970561,0.9042399769252958,0.9367996414164051,0.8889203941305734,3.707,14,1063,0.5315,971,0.4855,False
top_20_and_p_ge_0.7,top_k_and_probability_threshold,"{""probability_threshold"": 0.7, ""top_k"": 20}",2,6218,778,236,239,475,6996,0.8887935963407662,0.9634335295940502,0.9246096654275092,0.9290303301957269,0.9084666520563957,3.498,25,1224,0.612,1121,0.5605,False
top_20_and_p_ge_0.9,top_k_and_probability_threshold,"{""probability_threshold"": 0.9, ""top_k"": 20}",2,6084,399,370,239,609,6483,0.9384544192503471,0.9426712116516889,0.9405580892015152,0.9090094128193635,0.9234972677595629,3.2415,42,1397,0.6985,1281,0.6405,False
top_20_and_p_ge_0.95,top_k_and_probability_threshold,"{""probability_threshold"": 0.95, ""top_k"": 20}",2,5981,263,473,239,712,6244,0.9578795643818065,0.9267121165168888,0.9420381162387778,0.8936202002091738,0.9246347684934684,3.122,54,1427,0.7135,1304,0.652,False
relative_ratio_ge_0.05,relative_to_best_ratio,"{""minimum_best_score_ratio"": 0.05}",2,6393,3689,61,239,300,10082,0.6341003769093434,0.9905484970560893,0.7732220609579101,0.9551770506499327,0.7622056631892699,5.041,0,330,0.165,307,0.1535,False
relative_ratio_ge_0.1,relative_to_best_ratio,"{""minimum_best_score_ratio"": 0.1}",2,6370,2807,84,239,323,9177,0.6941266209000763,0.9869848156182213,0.8150470219435737,0.9517406245330943,0.8027725267800881,4.5885,0,494,0.247,458,0.229,False
relative_ratio_ge_0.2,relative_to_best_ratio,"{""minimum_best_score_ratio"": 0.2}",2,6341,2068,113,239,352,8409,0.7540730170055893,0.9824914781530834,0.853259772589652,0.9474077394292545,0.8397563236657397,4.2045,0,711,0.3555,654,0.327,False
relative_ratio_ge_0.3,relative_to_best_ratio,"{""minimum_best_score_ratio"": 0.3}",2,6321,1653,133,239,372,7974,0.7927012791572611,0.9793926247288504,0.8762129193235376,0.9444195428059167,0.8619349560237267,3.987,0,862,0.431,790,0.395,False
relative_ratio_ge_0.5,relative_to_best_ratio,"{""minimum_best_score_ratio"": 0.5}",2,6276,1168,178,239,417,7444,0.8430951101558302,0.972420204524326,0.9031515325946179,0.9376961004034066,0.8878828605786235,3.722,0,1060,0.53,972,0.486,False
relative_ratio_ge_0.7,relative_to_best_ratio,"{""minimum_best_score_ratio"": 0.7}",2,6227,807,227,239,466,7034,0.8852715382428206,0.9648280136349551,0.9233392645314353,0.9303750186762288,0.9072630582064545,3.517,0,1223,0.6115,1128,0.564,False
relative_ratio_ge_0.9,relative_to_best_ratio,"{""minimum_best_score_ratio"": 0.9}",2,6103,430,351,239,590,6533,0.9341803153222104,0.9456151224047102,0.9398629398629398,0.9118481996115344,0.922879177377892,3.2665,0,1395,0.6975,1293,0.6465,False
relative_gap_le_0.01,relative_to_best_gap,"{""maximum_best_score_gap"": 0.01}",2,5720,111,734,239,973,5831,0.9809638140970673,0.8862720793306477,0.9312169312169313,0.8546242342746153,0.9134461833280102,2.9155,0,1400,0.7,1299,0.6495,False
relative_gap_le_0.05,relative_to_best_gap,"{""maximum_best_score_gap"": 0.05}",2,6010,797,444,239,683,6807,0.8829146466872337,0.9312054539820267,0.9064173139280597,0.8979530853130135,0.8903703703703704,3.4035,0,1429,0.7145,1323,0.6615,False
relative_gap_le_0.1,relative_to_best_gap,"{""maximum_best_score_gap"": 0.1}",2,6108,1426,346,239,585,7534,0.8107247146270241,0.9463898357607685,0.8733199885616242,0.9125952487673689,0.8586490475855767,3.767,0,1394,0.697,1292,0.646,False
relative_gap_le_0.2,relative_to_best_gap,"{""maximum_best_score_gap"": 0.2}",2,6192,1636,262,239,501,7828,0.7910066428206438,0.9594050201425472,0.8671054474163282,0.9251456745853878,0.8528338268714276,3.914,0,1308,0.654,1205,0.6025,False
hybrid_p_ge_0.1_ratio_ge_0.05,absolute_and_relative_hybrid,"{""minimum_best_score_ratio"": 0.05, ""probability_threshold"": 0.1}",3,6368,2783,86,239,325,9151,0.6958802316686701,0.986674930275798,0.8161486702979814,0.9514418048707605,0.8038374147942439,4.5755,4,495,0.2475,458,0.229,False
hybrid_p_ge_0.1_ratio_ge_0.1,absolute_and_relative_hybrid,"{""minimum_best_score_ratio"": 0.1, ""probability_threshold"": 0.1}",3,6368,2783,86,239,325,9151,0.6958802316686701,0.986674930275798,0.8161486702979814,0.9514418048707605,0.8038374147942439,4.5755,4,495,0.2475,458,0.229,False
hybrid_p_ge_0.1_ratio_ge_0.2,absolute_and_relative_hybrid,"{""minimum_best_score_ratio"": 0.2, ""probability_threshold"": 0.1}",3,6340,2055,114,239,353,8395,0.7552114353782013,0.9823365354818717,0.8539295575459627,0.9472583295980875,0.8404029692470839,4.1975,4,712,0.356,654,0.327,False
hybrid_p_ge_0.1_ratio_ge_0.5,absolute_and_relative_hybrid,"{""minimum_best_score_ratio"": 0.5, ""probability_threshold"": 0.1}",3,6275,1163,179,239,418,7438,0.8436407636461415,0.9722652618531143,0.90339763892888,0.9375466905722396,0.8881183214209893,3.719,4,1060,0.53,971,0.4855,False
hybrid_p_ge_0.3_ratio_ge_0.05,absolute_and_relative_hybrid,"{""minimum_best_score_ratio"": 0.05, ""probability_threshold"": 0.3}",3,6319,1634,135,239,374,7953,0.7945429397711555,0.979082739386427,0.8772124661622821,0.9441207231435829,0.8628977195138603,3.9765,9,864,0.432,789,0.3945,False
hybrid_p_ge_0.3_ratio_ge_0.1,absolute_and_relative_hybrid,"{""minimum_best_score_ratio"": 0.1, ""probability_threshold"": 0.3}",3,6319,1634,135,239,374,7953,0.7945429397711555,0.979082739386427,0.8772124661622821,0.9441207231435829,0.8628977195138603,3.9765,9,864,0.432,789,0.3945,False
hybrid_p_ge_0.3_ratio_ge_0.2,absolute_and_relative_hybrid,"{""minimum_best_score_ratio"": 0.2, ""probability_threshold"": 0.3}",3,6319,1634,135,239,374,7953,0.7945429397711555,0.979082739386427,0.8772124661622821,0.9441207231435829,0.8628977195138603,3.9765,9,864,0.432,789,0.3945,False
hybrid_p_ge_0.3_ratio_ge_0.5,absolute_and_relative_hybrid,"{""minimum_best_score_ratio"": 0.5, ""probability_threshold"": 0.3}",3,6274,1156,180,239,419,7430,0.844414535666218,0.9721103191819027,0.9037741284932297,0.9373972807410728,0.8884797847482828,3.715,9,1061,0.5305,970,0.485,False
hybrid_p_ge_0.5_ratio_ge_0.05,absolute_and_relative_hybrid,"{""minimum_best_score_ratio"": 0.05, ""probability_threshold"": 0.5}",3,6270,1144,184,239,423,7414,0.8456973293768546,0.9714905484970561,0.9042399769252958,0.9367996414164051,0.8889203941305734,3.707,14,1063,0.5315,971,0.4855,False
hybrid_p_ge_0.5_ratio_ge_0.1,absolute_and_relative_hybrid,"{""minimum_best_score_ratio"": 0.1, ""probability_threshold"": 0.5}",3,6270,1144,184,239,423,7414,0.8456973293768546,0.9714905484970561,0.9042399769252958,0.9367996414164051,0.8889203941305734,3.707,14,1063,0.5315,971,0.4855,False
hybrid_p_ge_0.5_ratio_ge_0.2,absolute_and_relative_hybrid,"{""minimum_best_score_ratio"": 0.2, ""probability_threshold"": 0.5}",3,6270,1144,184,239,423,7414,0.8456973293768546,0.9714905484970561,0.9042399769252958,0.9367996414164051,0.8889203941305734,3.707,14,1063,0.5315,971,0.4855,False
hybrid_p_ge_0.5_ratio_ge_0.5,absolute_and_relative_hybrid,"{""minimum_best_score_ratio"": 0.5, ""probability_threshold"": 0.5}",3,6270,1144,184,239,423,7414,0.8456973293768546,0.9714905484970561,0.9042399769252958,0.9367996414164051,0.8889203941305734,3.707,14,1063,0.5315,971,0.4855,False
hybrid_p_ge_0.7_ratio_ge_0.05,absolute_and_relative_hybrid,"{""minimum_best_score_ratio"": 0.05, ""probability_threshold"": 0.7}",3,6218,778,236,239,475,6996,0.8887935963407662,0.9634335295940502,0.9246096654275092,0.9290303301957269,0.9084666520563957,3.498,25,1224,0.612,1121,0.5605,False
hybrid_p_ge_0.7_ratio_ge_0.1,absolute_and_relative_hybrid,"{""minimum_best_score_ratio"": 0.1, ""probability_threshold"": 0.7}",3,6218,778,236,239,475,6996,0.8887935963407662,0.9634335295940502,0.9246096654275092,0.9290303301957269,0.9084666520563957,3.498,25,1224,0.612,1121,0.5605,False
hybrid_p_ge_0.7_ratio_ge_0.2,absolute_and_relative_hybrid,"{""minimum_best_score_ratio"": 0.2, ""probability_threshold"": 0.7}",3,6218,778,236,239,475,6996,0.8887935963407662,0.9634335295940502,0.9246096654275092,0.9290303301957269,0.9084666520563957,3.498,25,1224,0.612,1121,0.5605,False
hybrid_p_ge_0.7_ratio_ge_0.5,absolute_and_relative_hybrid,"{""minimum_best_score_ratio"": 0.5, ""probability_threshold"": 0.7}",3,6218,778,236,239,475,6996,0.8887935963407662,0.9634335295940502,0.9246096654275092,0.9290303301957269,0.9084666520563957,3.498,25,1224,0.612,1121,0.5605,False
hybrid_p_ge_0.9_ratio_ge_0.05,absolute_and_relative_hybrid,"{""minimum_best_score_ratio"": 0.05, ""probability_threshold"": 0.9}",3,6084,399,370,239,609,6483,0.9384544192503471,0.9426712116516889,0.9405580892015152,0.9090094128193635,0.9234972677595629,3.2415,42,1397,0.6985,1281,0.6405,False
hybrid_p_ge_0.9_ratio_ge_0.1,absolute_and_relative_hybrid,"{""minimum_best_score_ratio"": 0.1, ""probability_threshold"": 0.9}",3,6084,399,370,239,609,6483,0.9384544192503471,0.9426712116516889,0.9405580892015152,0.9090094128193635,0.9234972677595629,3.2415,42,1397,0.6985,1281,0.6405,False
hybrid_p_ge_0.9_ratio_ge_0.2,absolute_and_relative_hybrid,"{""minimum_best_score_ratio"": 0.2, ""probability_threshold"": 0.9}",3,6084,399,370,239,609,6483,0.9384544192503471,0.9426712116516889,0.9405580892015152,0.9090094128193635,0.9234972677595629,3.2415,42,1397,0.6985,1281,0.6405,False
hybrid_p_ge_0.9_ratio_ge_0.5,absolute_and_relative_hybrid,"{""minimum_best_score_ratio"": 0.5, ""probability_threshold"": 0.9}",3,6084,399,370,239,609,6483,0.9384544192503471,0.9426712116516889,0.9405580892015152,0.9090094128193635,0.9234972677595629,3.2415,42,1397,0.6985,1281,0.6405,False
