variant,scope,group,feature_count,removed_feature_count,removed_features,fixed_iterations,training_seconds,inference_seconds,pair_rows,retrieved_positive_links,candidate_generation_missed_positive_links,pr_auc,roc_auc,log_loss,mean_positive_rank,median_positive_rank,recall_at_1_retrieved_candidates,recall_at_1_end_to_end,recall_at_3_retrieved_candidates,recall_at_3_end_to_end,recall_at_5_retrieved_candidates,recall_at_5_end_to_end,recall_at_10_retrieved_candidates,recall_at_10_end_to_end,recall_at_20_retrieved_candidates,recall_at_20_end_to_end
full_66_existing,overall,all,66,0,,1489,0.0,0.0,499985,6454,239,0.9846006546470472,0.9995294454326242,0.007393693635658731,2.923923148435079,2.0,0.3030678648899907,0.29224562976243834,0.6770994731949179,0.6529209621993127,0.8916950728230555,0.8598535783654564,0.9962813758909204,0.9607052144031077,0.9989154013015185,0.9632451815329449
full_66_existing,candidate_source,S2,66,0,,1489,0.0,0.0,289384,3129,85,0.9839802364776121,0.9994670438544048,0.006390430140412567,2.91403004154682,2.0,0.31831255992329816,0.3098942128189172,0.684244167465644,0.6661481020535158,0.8967721316714605,0.8730553827006845,0.9952061361457335,0.9688861232109521,0.9984020453819111,0.9719975108898569
full_66_existing,candidate_source,S3,66,0,,1489,0.0,0.0,210601,3325,154,0.9851662252928527,0.9995766815289832,0.008772264503357914,2.9332330827067667,2.0,0.2887218045112782,0.2759413624604771,0.6703759398496241,0.6407013509629204,0.8869172932330827,0.8476573728082782,0.9972932330827068,0.9531474561655648,0.9993984962406015,0.9551595286001725
full_66_existing,match_group,1,66,0,,1489,0.0,0.0,124985,481,19,0.9614534238172817,0.9995798880894943,0.007552968141103149,1.1205821205821205,1.0,0.9563409563409564,0.92,0.9875259875259875,0.95,0.9875259875259875,0.95,0.997920997920998,0.96,1.0,0.962
full_66_existing,match_group,2,66,0,,1489,0.0,0.0,125000,967,33,0.9758643490423142,0.9993529343205866,0.007528621417235755,1.6690796277145812,1.0,0.5129265770423992,0.496,0.9824198552223371,0.95,0.9896587383660806,0.957,0.9958634953464323,0.963,0.9958634953464323,0.963
full_66_existing,match_group,3-5,66,0,,1489,0.0,0.0,125000,1900,58,0.9854916478196287,0.9995398435161827,0.007507501043659327,2.611578947368421,2.0,0.2631578947368421,0.2553626149131767,0.7636842105263157,0.7410623084780388,0.9810526315789474,0.9519918283963228,0.9968421052631579,0.9673135852911133,0.9994736842105263,0.9698672114402451
full_66_existing,match_group,6+,66,0,,1489,0.0,0.0,125000,3106,129,0.9928030361986663,0.9995980140282337,0.006985703053577339,3.7849323889246618,4.0,0.16097875080489377,0.1545595054095827,0.48100450740502254,0.46182380216383306,0.7916934964584674,0.7601236476043277,0.9958145524790728,0.9561051004636785,0.9993560849967804,0.9595054095826894
remove_retrieval_best_rank,overall,all,65,1,retrieval_best_rank,1489,76.156024542,3.5328329159999896,499985,6454,239,0.9844664801240955,0.9995856276952488,0.007437899471336583,2.9129222187790518,2.0,0.3030678648899907,0.29224562976243834,0.6775643012085528,0.6533691916928134,0.8921599008366904,0.8603018078589572,0.9962813758909204,0.9607052144031077,0.9990703439727301,0.9633945913641118
remove_retrieval_best_rank,candidate_source,S2,65,1,retrieval_best_rank,1489,76.156024542,3.5328329159999896,289384,3129,85,0.984076816019386,0.9995562508690559,0.006341373502868315,2.8942154042825186,2.0,0.3189517417705337,0.3105164903546982,0.6848833493128795,0.6667703795892969,0.8974113135186961,0.8736776602364654,0.9952061361457335,0.9688861232109521,0.9987216363055289,0.9723086496577473
remove_retrieval_best_rank,candidate_source,S3,65,1,retrieval_best_rank,1489,76.156024542,3.5328329159999896,210601,3325,154,0.9847944030445065,0.9996031226099753,0.008944621048438404,2.9305263157894736,2.0,0.2881203007518797,0.27536648462201785,0.6706766917293233,0.64098878988215,0.8872180451127819,0.8479448117275079,0.9972932330827068,0.9531474561655648,0.9993984962406015,0.9551595286001725
remove_retrieval_best_rank,match_group,1,65,1,retrieval_best_rank,1489,76.156024542,3.5328329159999896,124985,481,19,0.9611913541563669,0.9996561658114701,0.007514683186840076,1.0852390852390852,1.0,0.9625779625779626,0.926,0.9875259875259875,0.95,0.9937629937629938,0.956,1.0,0.962,1.0,0.962
remove_retrieval_best_rank,match_group,2,65,1,retrieval_best_rank,1489,76.156024542,3.5328329159999896,125000,967,33,0.9766449974781276,0.9994258458304176,0.007438846088005643,1.641158221302999,1.0,0.5108583247156153,0.494,0.9855222337125129,0.953,0.9906928645294726,0.958,0.9958634953464323,0.963,0.9968976215098242,0.964
remove_retrieval_best_rank,match_group,3-5,65,1,retrieval_best_rank,1489,76.156024542,3.5328329159999896,125000,1900,58,0.9848051273951892,0.999559429646415,0.0076833828694219276,2.616842105263158,2.0,0.26263157894736844,0.2548518896833504,0.7631578947368421,0.7405515832482125,0.9815789473684211,0.9525025536261491,0.9963157894736843,0.966802860061287,0.9989473684210526,0.9693564862104188
remove_retrieval_best_rank,match_group,6+,65,1,retrieval_best_rank,1489,76.156024542,3.5328329159999896,125000,3106,129,0.9926204355719142,0.9996679474849264,0.007114694955124545,3.7730199613650997,4.0,0.16097875080489377,0.1545595054095827,0.48132646490663233,0.46213292117465227,0.791049581455248,0.7595054095826893,0.9958145524790728,0.9561051004636785,0.9996780424983902,0.9598145285935085
remove_direct_position_features,overall,all,52,14,baseline_name_rank;baseline_name_rank_missing;baseline_address_rank;baseline_address_rank_missing;transliterated_name_rank;transliterated_name_rank_missing;number_address_rank;number_address_rank_missing;suffix_name_rank;suffix_name_rank_missing;retrieval_best_rank;retrieval_mean_rank_present;retrieval_rrf_score_top100;frozen_candidate_position,1489,64.482036375,3.363803915999995,499985,6454,239,0.9801143289709778,0.9994195309512552,0.00945867654838788,2.937248218159281,2.0,0.3019832661915091,0.29119976094427014,0.6760148744964363,0.6518750933811445,0.8909203594669972,0.8591065292096219,0.9948868918500154,0.9593605259226057,0.9992252866439417,0.9635440011952786
remove_direct_position_features,candidate_source,S2,52,14,baseline_name_rank;baseline_name_rank_missing;baseline_address_rank;baseline_address_rank_missing;transliterated_name_rank;transliterated_name_rank_missing;number_address_rank;number_address_rank_missing;suffix_name_rank;suffix_name_rank_missing;retrieval_best_rank;retrieval_mean_rank_present;retrieval_rrf_score_top100;frozen_candidate_position,1489,64.482036375,3.363803915999995,289384,3129,85,0.9793781107924481,0.9993299152271551,0.008207675195608395,2.963566634707574,2.0,0.3100031959092362,0.30180460485376476,0.6788111217641419,0.6608587429993777,0.8897411313518696,0.866210329807094,0.9932885906040269,0.9670192906036092,0.9987216363055289,0.9723086496577473
remove_direct_position_features,candidate_source,S3,52,14,baseline_name_rank;baseline_name_rank_missing;baseline_address_rank;baseline_address_rank_missing;transliterated_name_rank;transliterated_name_rank_missing;number_address_rank;number_address_rank_missing;suffix_name_rank;suffix_name_rank_missing;retrieval_best_rank;retrieval_mean_rank_present;retrieval_rrf_score_top100;frozen_candidate_position,1489,64.482036375,3.363803915999995,210601,3325,154,0.9808226390501221,0.9995020246151767,0.011177660672265444,2.912481203007519,2.0,0.2944360902255639,0.28140270192584077,0.6733834586466165,0.643575740155217,0.89203007518797,0.8525438344351826,0.996390977443609,0.9522851394078758,0.9996992481203008,0.9554469675194022
remove_direct_position_features,match_group,1,52,14,baseline_name_rank;baseline_name_rank_missing;baseline_address_rank;baseline_address_rank_missing;transliterated_name_rank;transliterated_name_rank_missing;number_address_rank;number_address_rank_missing;suffix_name_rank;suffix_name_rank_missing;retrieval_best_rank;retrieval_mean_rank_present;retrieval_rrf_score_top100;frozen_candidate_position,1489,64.482036375,3.363803915999995,124985,481,19,0.9506837854412112,0.9995253181255237,0.009180071745555799,1.1143451143451144,1.0,0.9438669438669439,0.908,0.9854469854469855,0.948,0.9937629937629938,0.956,1.0,0.962,1.0,0.962
remove_direct_position_features,match_group,2,52,14,baseline_name_rank;baseline_name_rank_missing;baseline_address_rank;baseline_address_rank_missing;transliterated_name_rank;transliterated_name_rank_missing;number_address_rank;number_address_rank_missing;suffix_name_rank;suffix_name_rank_missing;retrieval_best_rank;retrieval_mean_rank_present;retrieval_rrf_score_top100;frozen_candidate_position,1489,64.482036375,3.363803915999995,125000,967,33,0.9697745379016232,0.999036938588357,0.00873635039022344,1.7238883143743537,1.0,0.5118924508790073,0.495,0.9793174767321613,0.947,0.9896587383660806,0.957,0.9968976215098242,0.964,0.9968976215098242,0.964
remove_direct_position_features,match_group,3-5,52,14,baseline_name_rank;baseline_name_rank_missing;baseline_address_rank;baseline_address_rank_missing;transliterated_name_rank;transliterated_name_rank_missing;number_address_rank;number_address_rank_missing;suffix_name_rank;suffix_name_rank_missing;retrieval_best_rank;retrieval_mean_rank_present;retrieval_rrf_score_top100;frozen_candidate_position,1489,64.482036375,3.363803915999995,125000,1900,58,0.9811612192120002,0.9993517230321945,0.010301653584381731,2.614736842105263,2.0,0.2631578947368421,0.2553626149131767,0.7610526315789473,0.7385086823289071,0.98,0.95097037793667,0.9952631578947368,0.9657814096016343,0.9994736842105263,0.9698672114402451
remove_direct_position_features,match_group,6+,52,14,baseline_name_rank;baseline_name_rank_missing;baseline_address_rank;baseline_address_rank_missing;transliterated_name_rank;transliterated_name_rank_missing;number_address_rank;number_address_rank_missing;suffix_name_rank;suffix_name_rank_missing;retrieval_best_rank;retrieval_mean_rank_present;retrieval_rrf_score_top100;frozen_candidate_position,1489,64.482036375,3.363803915999995,125000,3106,129,0.9895429107577899,0.9995652937177182,0.009616597040814209,3.7945911139729556,4.0,0.16097875080489377,0.1545595054095827,0.4816484224082421,0.4624420401854714,0.7897617514488088,0.7582689335394127,0.9932388924661945,0.9536321483771252,0.9996780424983902,0.9598145285935085
remove_all_retrieval_evidence,overall,all,44,22,baseline_name_rank;baseline_name_rank_missing;baseline_name_score;baseline_address_rank;baseline_address_rank_missing;baseline_address_score;transliterated_name_rank;transliterated_name_rank_missing;transliterated_name_score;number_address_rank;number_address_rank_missing;number_address_score;suffix_name_rank;suffix_name_rank_missing;suffix_name_score;retrieval_signal_count_top100;retrieval_best_rank;retrieval_mean_rank_present;retrieval_best_score;retrieval_rrf_score_top100;frozen_candidate_position;task2_baseline_member,1489,58.59766695900001,4.104120582999997,499985,6454,239,0.9775632624476617,0.9993641569456744,0.011620131336847682,2.9415866129532073,2.0,0.3013634955066625,0.2906021216196026,0.6749302757979547,0.6508292245629762,0.8898357607685157,0.8580606603914538,0.9950418345212272,0.9595099357537726,0.9990703439727301,0.9633945913641118
remove_all_retrieval_evidence,candidate_source,S2,44,22,baseline_name_rank;baseline_name_rank_missing;baseline_name_score;baseline_address_rank;baseline_address_rank_missing;baseline_address_score;transliterated_name_rank;transliterated_name_rank_missing;transliterated_name_score;number_address_rank;number_address_rank_missing;number_address_score;suffix_name_rank;suffix_name_rank_missing;suffix_name_score;retrieval_signal_count_top100;retrieval_best_rank;retrieval_mean_rank_present;retrieval_best_score;retrieval_rrf_score_top100;frozen_candidate_position;task2_baseline_member,1489,58.59766695900001,4.104120582999997,289384,3129,85,0.9770328198376276,0.9992778861753572,0.009936035922891552,2.96132949824225,2.0,0.30808565036752955,0.29993777224642193,0.6797698945349953,0.6617921593030491,0.8897411313518696,0.866210329807094,0.9932885906040269,0.9670192906036092,0.9984020453819111,0.9719975108898569
remove_all_retrieval_evidence,candidate_source,S3,44,22,baseline_name_rank;baseline_name_rank_missing;baseline_name_score;baseline_address_rank;baseline_address_rank_missing;baseline_address_score;transliterated_name_rank;transliterated_name_rank_missing;transliterated_name_score;number_address_rank;number_address_rank_missing;number_address_score;suffix_name_rank;suffix_name_rank_missing;suffix_name_score;retrieval_signal_count_top100;retrieval_best_rank;retrieval_mean_rank_present;retrieval_best_score;retrieval_rrf_score_top100;frozen_candidate_position;task2_baseline_member,1489,58.59766695900001,4.104120582999997,210601,3325,154,0.9780345851582255,0.9994343628422065,0.013934224181954209,2.9230075187969926,2.0,0.29503759398496243,0.2819775797643001,0.6703759398496241,0.6407013509629204,0.8899248120300752,0.8505317620005749,0.9966917293233083,0.9525725783271055,0.9996992481203008,0.9554469675194022
remove_all_retrieval_evidence,match_group,1,44,22,baseline_name_rank;baseline_name_rank_missing;baseline_name_score;baseline_address_rank;baseline_address_rank_missing;baseline_address_score;transliterated_name_rank;transliterated_name_rank_missing;transliterated_name_score;number_address_rank;number_address_rank_missing;number_address_score;suffix_name_rank;suffix_name_rank_missing;suffix_name_score;retrieval_signal_count_top100;retrieval_best_rank;retrieval_mean_rank_present;retrieval_best_score;retrieval_rrf_score_top100;frozen_candidate_position;task2_baseline_member,1489,58.59766695900001,4.104120582999997,124985,481,19,0.9439029811526756,0.9994532817654966,0.011121782073631953,1.1434511434511434,1.0,0.9417879417879418,0.906,0.975051975051975,0.938,0.9937629937629938,0.956,1.0,0.962,1.0,0.962
remove_all_retrieval_evidence,match_group,2,44,22,baseline_name_rank;baseline_name_rank_missing;baseline_name_score;baseline_address_rank;baseline_address_rank_missing;baseline_address_score;transliterated_name_rank;transliterated_name_rank_missing;transliterated_name_score;number_address_rank;number_address_rank_missing;number_address_score;suffix_name_rank;suffix_name_rank_missing;suffix_name_score;retrieval_signal_count_top100;retrieval_best_rank;retrieval_mean_rank_present;retrieval_best_score;retrieval_rrf_score_top100;frozen_candidate_position;task2_baseline_member,1489,58.59766695900001,4.104120582999997,125000,967,33,0.9659018355269415,0.9991911199600607,0.011255421056825638,1.6845915201654602,1.0,0.5098241985522234,0.493,0.9813857290589452,0.949,0.9917269906928645,0.959,0.9958634953464323,0.963,0.9979317476732161,0.965
remove_all_retrieval_evidence,match_group,3-5,44,22,baseline_name_rank;baseline_name_rank_missing;baseline_name_score;baseline_address_rank;baseline_address_rank_missing;baseline_address_score;transliterated_name_rank;transliterated_name_rank_missing;transliterated_name_score;number_address_rank;number_address_rank_missing;number_address_score;suffix_name_rank;suffix_name_rank_missing;suffix_name_score;retrieval_signal_count_top100;retrieval_best_rank;retrieval_mean_rank_present;retrieval_best_score;retrieval_rrf_score_top100;frozen_candidate_position;task2_baseline_member,1489,58.59766695900001,4.104120582999997,125000,1900,58,0.9783845817780923,0.9992392791483176,0.012481503138366008,2.6442105263157893,2.0,0.26263157894736844,0.2548518896833504,0.7594736842105263,0.736976506639428,0.9773684210526316,0.9484167517875383,0.9952631578947368,0.9657814096016343,0.998421052631579,0.9688457609805925
remove_all_retrieval_evidence,match_group,6+,44,22,baseline_name_rank;baseline_name_rank_missing;baseline_name_score;baseline_address_rank;baseline_address_rank_missing;baseline_address_score;transliterated_name_rank;transliterated_name_rank_missing;transliterated_name_score;number_address_rank;number_address_rank_missing;number_address_score;suffix_name_rank;suffix_name_rank_missing;suffix_name_score;retrieval_signal_count_top100;retrieval_best_rank;retrieval_mean_rank_present;retrieval_best_score;retrieval_rrf_score_top100;frozen_candidate_position;task2_baseline_member,1489,58.59766695900001,4.104120582999997,125000,3106,129,0.9882486109485104,0.9994822792683046,0.011621759276655534,3.7933032839665164,4.0,0.16097875080489377,0.1545595054095827,0.48132646490663233,0.46213292117465227,0.7884739214423696,0.757032457496136,0.993882807469414,0.9542503863987635,0.9996780424983902,0.9598145285935085
