sample_group,source1_entity_id,matched_entity_ids,match_count
exactly_1_match,S1-994431408,S2-78663308,1
exactly_1_match,S1-800413488,S3-429525528,1
exactly_1_match,S1-352206944,S2-387846404,1
exactly_1_match,S1-219754944,S3-468071974,1
exactly_1_match,S1-730688254,S3-728059936,1
exactly_2_matches,S1-683559526,"S2-492276871,S3-374962673",2
exactly_2_matches,S1-23828572,"S2-625512512,S3-854776208",2
exactly_2_matches,S1-997102795,"S2-521019011,S3-73497201",2
exactly_2_matches,S1-116616518,"S2-440166852,S3-275800609",2
exactly_2_matches,S1-246396105,"S2-175745851,S3-232312120",2
3_to_5_matches,S1-616128450,"S2-706875541,S2-935761788,S3-345707258,S3-250279829",4
3_to_5_matches,S1-857943093,"S2-817234029,S3-458765280,S3-857253119,S3-860030233",4
3_to_5_matches,S1-440013698,"S2-535833222,S2-606123599,S3-821429039",3
3_to_5_matches,S1-469111245,"S2-543581511,S3-364445799,S3-305973397",3
3_to_5_matches,S1-563597263,"S2-724625105,S2-757402975,S3-989621569",3
3_to_5_matches,S1-90637338,"S2-975147469,S3-250162567,S3-279364770",3
3_to_5_matches,S1-795458916,"S2-647247820,S2-83109065,S2-555651491,S3-704096799",4
3_to_5_matches,S1-851172257,"S2-582063531,S2-115815352,S3-736969655",3
3_to_5_matches,S1-832874254,"S2-530707341,S2-141548263,S3-823497093,S3-230029899",4
3_to_5_matches,S1-885772210,"S2-245029125,S2-120716223,S3-685188085,S3-833639230,S3-477205259",5
6plus_matches,S1-465304007,"S2-65013909,S2-98188244,S2-607944745,S3-975649725,S3-739494471,S3-76449677",6
6plus_matches,S1-92458999,"S2-789159443,S2-925060041,S2-123883475,S2-610521200,S2-911633700,S3-741041480,S3-343064936,S3-373007701",8
6plus_matches,S1-162541132,"S2-482771304,S2-41575005,S3-229788940,S3-73266448,S3-441035371,S3-765090233,S3-658217201",7
6plus_matches,S1-286499434,"S2-212658294,S2-784377957,S2-830915517,S3-17415962,S3-140479987,S3-988057582",6
6plus_matches,S1-951140382,"S2-51422449,S2-436188810,S3-937181330,S3-987163408,S3-433213061,S3-259664775,S3-386813266,S3-116048137",8
