sample_group,s1_entity_id,matched_entity_id,matched_source,match_count,s1_name,s1_address,s1_country,matched_name,matched_address,matched_country,name_both_present,name_raw_exact,name_exact,address_both_present,address_raw_exact,address_exact,country_both_present,country_raw_exact,country_exact
exactly_1_match,S1-994431408,S2-78663308,S2,1,All Industrial Holdings,"Dry Branch, 1824 Cabin Creek Road, WV",US,All Industrial Inc,"#1824 CABIN CREEK RD, DRY BRANCH, WV",US,True,False,False,True,False,False,True,True,True
exactly_1_match,S1-800413488,S3-429525528,S3,1,Services Aeon Technologies Private Limited,"Ag-572 Shalimar Bagh, Delhi, North Delhi, Delhi",India,Services Áeon Technologies-Private Limited,"Ag-4-572 Shalimar Bagh, North Delhi, Delhi, DL",India,True,False,False,True,False,False,True,True,True
exactly_1_match,S1-352206944,S2-387846404,S2,1,Dental Partners LLC,"UT, 1330 375, Centerville, Unit F106",US,>> Dental Partners Llc,"CENTERVILLE, UT, 1330 375",US,True,False,True,True,False,False,True,True,True
exactly_1_match,S1-219754944,S3-468071974,S3,1,Okeefe Artificial,"VA, Clarke County, 2833 Bishop Meade Road",US,Okeefe Services #84539,"2833 Bishop Meade Rd, PO Box 164, Boyce Township, Virginia",US,True,False,False,True,False,False,True,True,True
exactly_1_match,S1-730688254,S3-728059936,S3,1,Solutions Al Spaces Center,"41, Plaza Centre, 129, G.N.Chetty Road, Chennai, Tamil Nadu",India,5olutions Al Spaces Center,"41, Plaza Centre, 129, G.n.chetty Road, Chennai, TN",India,True,False,False,True,False,False,True,True,True
exactly_2_matches,S1-683559526,S2-492276871,S2,2,Uptown Bakery!,"1836 Robin Avenue, MT, Billings, Bldg Lot 9",US,Uptown Bakery!,"BILLINGS, MT, 1836-1840 ROBIN AVENUE",US,True,True,True,True,False,False,True,True,True
exactly_2_matches,S1-683559526,S3-374962673,S3,2,Uptown Bakery!,"1836 Robin Avenue, MT, Billings, Bldg Lot 9",US,Uptown Bakery!,"1836 Robin Ave, Bldg Lot 9, Billings, Montana",US,True,True,True,True,False,False,True,True,True
exactly_2_matches,S1-23828572,S2-625512512,S2,2,Kelci's Reliable Realty,"132 Pulaski Street, Brooklyn, NY",US,Kelci's Reliable,"332 PULASKI ST, BROOKLYN, NY",US,True,False,False,True,False,False,True,True,True
exactly_2_matches,S1-23828572,S3-854776208,S3,2,Kelci's Reliable Realty,"132 Pulaski Street, Brooklyn, NY",US,Kelci'S Rleiame Realty,"132 Pulaski Street, Brookln, New York",US,True,False,False,True,False,False,True,True,True
exactly_2_matches,S1-997102795,S2-521019011,S2,2,Naidu Balaji Private Limited,"Vill: Chaltia, Pops: Berhampore, Murshidabad, West Bengal",India,NAlDU BALAJI PRIVATE,"VILL: CHALTIA, POPS: BERHAMPORE, MURSHIDABAD, West Bengal",India,True,False,False,True,False,True,True,True,True
exactly_2_matches,S1-997102795,S3-73497201,S3,2,Naidu Balaji Private Limited,"Vill: Chaltia, Pops: Berhampore, Murshidabad, West Bengal",India,NAIDU BALAJI PRIVATE LIMITED,"Vill: Chaltia, Murshidabad, WB",India,True,False,True,True,False,False,True,True,True
exactly_2_matches,S1-116616518,S2-440166852,S2,2,Peridos Investment LLC,"861 River Road, Windham, ME",US,LLC Peridos Ínvestment,"861 RIVER RD, WINDHAM, ME",US,True,False,False,True,False,False,True,True,True
exactly_2_matches,S1-116616518,S3-275800609,S3,2,Peridos Investment LLC,"861 River Road, Windham, ME",US,Peridos Innvsetmmt LLC,,US,True,False,False,False,False,False,True,True,True
exactly_2_matches,S1-246396105,S2-175745851,S2,2,Galaxy Finance Private Limited,"C/O Nanhak S/O Bansu, Purwa Chetiya Bazaar, Bansi, Siddharth Nagar, Uttar Pradesh",India,गैलेक्सी फाइनेंस प्राइवेट लिमिटेड,"C/O NANHAK S/O BANSU, SIDDHARTH NAGAR, Uttar Pradesh",India,True,False,False,True,False,False,True,True,True
exactly_2_matches,S1-246396105,S3-232312120,S3,2,Galaxy Finance Private Limited,"C/O Nanhak S/O Bansu, Purwa Chetiya Bazaar, Bansi, Siddharth Nagar, Uttar Pradesh",India,गैलेक्सी फाइनेंस प्राइवेट लिमिटेड,"उत्तर प्रदेश, Siddharth Nagar, C/o Nanhak S/o Bansu, Siddharth Nagar",India,True,False,False,True,False,False,True,True,True
3_to_5_matches,S1-616128450,S2-706875541,S2,4,Whitney Global Cleaning Inc,"2177 Henson Norris Street, Rockville, MD",US,WHITNEY GLOBAL CLEANING ÍNC,"2177 1/2 HENSON NORRIS ST, ROCKVILLE CDP, MD",US,True,False,False,True,False,False,True,True,True
3_to_5_matches,S1-616128450,S2-935761788,S2,4,Whitney Global Cleaning Inc,"2177 Henson Norris Street, Rockville, MD",US,Whitney Glóbal,"2177 1/2 HENSON NORRIS ST, ROCKVILLE CDP, MD",US,True,False,False,True,False,False,True,True,True
3_to_5_matches,S1-616128450,S3-345707258,S3,4,Whitney Global Cleaning Inc,"2177 Henson Norris Street, Rockville, MD",US,The Whitney Global Cleaning Inc,"177 Henson Norris St, Rockville, Maryland",US,True,False,False,True,False,False,True,True,True
3_to_5_matches,S1-616128450,S3-250279829,S3,4,Whitney Global Cleaning Inc,"2177 Henson Norris Street, Rockville, MD",US,Whitney Global Cleaning-Inc,"Henson Norris Street, Rockville, Maryland",US,True,False,True,True,False,False,True,True,True
3_to_5_matches,S1-857943093,S2-817234029,S2,4,RAQ Green,"H No-409A/1 Bhim Gher Kheri, Gurgaon, Haryana",India,RAQGREEN.COM,"H NO-409A/1 BHIM GHER KHERI, GURGAON, Haryana",India,True,False,False,True,False,True,True,True,True
3_to_5_matches,S1-857943093,S3-458765280,S3,4,RAQ Green,"H No-409A/1 Bhim Gher Kheri, Gurgaon, Haryana",India,RAQ-Geeln,"H No-409a/1 Bhim Gher Kheri, Gurgaon, हरियाणा",India,True,False,False,True,False,False,True,True,True
3_to_5_matches,S1-857943093,S3-857253119,S3,4,RAQ Green,"H No-409A/1 Bhim Gher Kheri, Gurgaon, Haryana",India,RAQ Green Corp,"H No-409a/1 Bhim Gher Kheri, Gurgaon, हरियाणा",India,True,False,False,True,False,False,True,True,True
3_to_5_matches,S1-857943093,S3-860030233,S3,4,RAQ Green,"H No-409A/1 Bhim Gher Kheri, Gurgaon, Haryana",India,RAQ Services,"HR, Gurgaon, H No-409a/1 Bhim Gher Kheri",India,True,False,False,True,False,False,True,True,True
3_to_5_matches,S1-440013698,S2-535833222,S2,3,Meher Estate Pvt Ltd,"#189/190, 1St Cross, K Narayanapura Main Road, Shirdi Sai N Agar, Thanisandra, Bangalore, Karnataka",India,Meher Estate Pvt [Ltd],"DOOR NO 189/19 , 1ST CROSS, K NARAYANAPURA MAIN ROAD, SHIRDI SAI N AGAR, THANISANDRA, Karnataka",India,True,False,True,True,False,False,True,True,True
3_to_5_matches,S1-440013698,S2-606123599,S2,3,Meher Estate Pvt Ltd,"#189/190, 1St Cross, K Narayanapura Main Road, Shirdi Sai N Agar, Thanisandra, Bangalore, Karnataka",India,M/s Meher Estate Pvt,"189/19 , 1ST CROSS, K NARAYANAPURA MAIN ROAD, SHIRDI SAI N AGAR, THANISANDRA, Karnataka",India,True,False,False,True,False,False,True,True,True
3_to_5_matches,S1-440013698,S3-821429039,S3,3,Meher Estate Pvt Ltd,"#189/190, 1St Cross, K Narayanapura Main Road, Shirdi Sai N Agar, Thanisandra, Bangalore, Karnataka",India,Meher Pvt Ltd Center,"189/190, 1St Cross, K Narayanapura Main Road, Shirdi Sai N Agar, Bangalore, Thanisandra, KA",India,True,False,False,True,False,False,True,True,True
3_to_5_matches,S1-469111245,S2-543581511,S2,3,Classic Athena LLC,"701 East Street, Tilden, TX",US,LLC CLASSIC ÁTHENA,"East St, TILDEN, TX",US,True,False,False,True,False,False,True,True,True
3_to_5_matches,S1-469111245,S3-364445799,S3,3,Classic Athena LLC,"701 East Street, Tilden, TX",US,Classic (Athena),"Texas, Tilden, 701 East St",US,True,False,False,True,False,False,True,True,True
3_to_5_matches,S1-469111245,S3-305973397,S3,3,Classic Athena LLC,"701 East Street, Tilden, TX",US,Classic Atcthena LLC,"701 East St, Tilden, Texas",US,True,False,False,True,False,False,True,True,True
3_to_5_matches,S1-563597263,S2-724625105,S2,3,New Technology,"1, Anand Park, Nana Chiloda, Gandhinagar, Daskroi, Ahmedabad, Gujarat",India,New-Technology,"HN 665/6 1, ANAND PARK, NANA CHILODA, GANDHINAGAR, DASKROI, Gujarat",India,True,False,True,True,False,False,True,True,True
3_to_5_matches,S1-563597263,S2-757402975,S2,3,New Technology,"1, Anand Park, Nana Chiloda, Gandhinagar, Daskroi, Ahmedabad, Gujarat",India,ન્યૂ ટેક્નોલોજી,"HN 665/6 1, DASKROI, AHMEDABAD, Gujarat",India,True,False,False,True,False,False,True,True,True
3_to_5_matches,S1-563597263,S3-989621569,S3,3,New Technology,"1, Anand Park, Nana Chiloda, Gandhinagar, Daskroi, Ahmedabad, Gujarat",India,ન્યૂ ટેક્નોલોજી,"B3/332 1, Daskroi, Ahmedabad, GJ",India,True,False,False,True,False,False,True,True,True
3_to_5_matches,S1-90637338,S2-975147469,S2,3,Arihant Management,"Sushama Apartment, 1 Govt. Colony Uttarpara, Kolkata, Hooghly, West Bengal",India,অরিহন্ত ম্যানেজমেন্ট,"SUSHAMA APARTMENT, 1 GOVT. COLONY UTTARPARA, KOLKATA, HOOGHLY, West Bengal",India,True,False,False,True,False,True,True,True,True
3_to_5_matches,S1-90637338,S3-250162567,S3,3,Arihant Management,"Sushama Apartment, 1 Govt. Colony Uttarpara, Kolkata, Hooghly, West Bengal",India,Arihantmanagement.Com,"Sushama Apartment, 1 Govt. Colony Uttarpara, Kolkata, Hooghly, WB",India,True,False,False,True,False,False,True,True,True
3_to_5_matches,S1-90637338,S3-279364770,S3,3,Arihant Management,"Sushama Apartment, 1 Govt. Colony Uttarpara, Kolkata, Hooghly, West Bengal",India,অরিহন্ত ম্যানেজমেন্ট,"Sushama Apartment, 1 Govt. Colony Uttarpara, Kolkata, Hooghly, WB",India,True,False,False,True,False,False,True,True,True
3_to_5_matches,S1-795458916,S2-647247820,S2,4,Global Global LLP,"Office No 206, Plot No 796, Sector 18, Thane, Maharashtra",India,ग्लोबल ग्लोबल एलएलपी,"OFFCE NO G-206, PLOT NO 796, SECTOR 18, THANE, Maharashtra",India,True,False,False,True,False,False,True,True,True
3_to_5_matches,S1-795458916,S2-83109065,S2,4,Global Global LLP,"Office No 206, Plot No 796, Sector 18, Thane, Maharashtra",India,ग्लोबल ग्लोबल एलएलपी,"OFFICE NO G-206, PLOT NO 796, SECTOR 18, THANE, Maharashtra",India,True,False,False,True,False,False,True,True,True
3_to_5_matches,S1-795458916,S2-555651491,S2,4,Global Global LLP,"Office No 206, Plot No 796, Sector 18, Thane, Maharashtra",India,Sri GLOBAL GLOBAL L.L.P.,"महाराष्ट्र, OFFICE NO G-206, PLOT NO 796, SECTR 18, THANE",India,True,False,False,True,False,False,True,True,True
3_to_5_matches,S1-795458916,S3-704096799,S3,4,Global Global LLP,"Office No 206, Plot No 796, Sector 18, Thane, Maharashtra",India,Global LLP Global - 6567991250,"Office No 206, Thane, महाराष्ट्र",India,True,False,False,True,False,False,True,True,True
3_to_5_matches,S1-851172257,S2-582063531,S2,3,Nine Mobiles Limited,"C-11, Kailash Nagar, Sankar Lane Next To Reliance Energy Office, Kandival, I (W), Mumbai, Mumbai City, Maharashtra",India,Limited 9 Mobiles,"HN 506 C-11, KAILASH NAGAR, SANKAR LANE NEXT TO RELIANCE ENERGY OFFICE, KANDIVAL, I (W), MUMBAI CITY, MUMBAI, Maharashtra",India,True,False,False,True,False,False,True,True,True
3_to_5_matches,S1-851172257,S2-115815352,S2,3,Nine Mobiles Limited,"C-11, Kailash Nagar, Sankar Lane Next To Reliance Energy Office, Kandival, I (W), Mumbai, Mumbai City, Maharashtra",India,NINE MOBILES LIMITED,"HN 506 C-11, KAILASH NAGAR, SANKAR LANE NEXT TO RELIANCE ENERGY OFFICE, KANDIVAL, I (W), MUMBAI, Maharashtra",India,True,False,True,True,False,False,True,True,True
3_to_5_matches,S1-851172257,S3-736969655,S3,3,Nine Mobiles Limited,"C-11, Kailash Nagar, Sankar Lane Next To Reliance Energy Office, Kandival, I (W), Mumbai, Mumbai City, Maharashtra",India,Nine Mbiles Limited,"C-11, Kailash Nagar, Sankar Lane Next To Reliance Energy Office, Kandival, I (W), Mumbai, Mumbai City, MH",India,True,False,False,True,False,False,True,True,True
3_to_5_matches,S1-832874254,S2-530707341,S2,4,Pranam Future Limited,"House No 699, Sector 16 Panchkula, Panchkula, Haryana",India,Pranam Limited [Center],"HOUSE NO 00699, SECTOR 16 PANCHKULA, PANCHKULA, हरियाणा",India,True,False,False,True,False,False,True,True,True
3_to_5_matches,S1-832874254,S2-141548263,S2,4,Pranam Future Limited,"House No 699, Sector 16 Panchkula, Panchkula, Haryana",India,PRANAM-FUTURE,"हरियाणा, HOUSE NO 00699, SECTOR 16 PANCHKULA, PANCHKULA",India,True,False,False,True,False,False,True,True,True
3_to_5_matches,S1-832874254,S3-823497093,S3,4,Pranam Future Limited,"House No 699, Sector 16 Panchkula, Panchkula, Haryana",India,limited pranam future,"Hardoi, HR, Panchkula, Sector 16 Panchkula, Houce No C-699",India,True,False,False,True,False,False,True,True,True
3_to_5_matches,S1-832874254,S3-230029899,S3,4,Pranam Future Limited,"House No 699, Sector 16 Panchkula, Panchkula, Haryana",India,PF,"House No 699, Sector 16 Panchkula, Panchkula, Haryana",India,True,False,False,True,True,True,True,True,True
3_to_5_matches,S1-885772210,S2-245029125,S2,5,Jo Ann's Chemical,"208 Blossom Lane, Hurst, TX",US,Jo Ann's Chémical,"208 BLOSSOM LANE, HURST, TX",US,True,False,False,True,False,True,True,True,True
3_to_5_matches,S1-885772210,S2-120716223,S2,5,Jo Ann's Chemical,"208 Blossom Lane, Hurst, TX",US,Jo Annn's Chemical,"208 BLOSSOM LN, HURST, TX",US,True,False,False,True,False,False,True,True,True
3_to_5_matches,S1-885772210,S3-685188085,S3,5,Jo Ann's Chemical,"208 Blossom Lane, Hurst, TX",US,Jo Ann's Chemical LP,"208 Blossom Lane, Hurst, Texas",US,True,False,False,True,False,False,True,True,True
3_to_5_matches,S1-885772210,S3-833639230,S3,5,Jo Ann's Chemical,"208 Blossom Lane, Hurst, TX",US,Jo An'S Chemical,,US,True,False,False,False,False,False,True,True,True
3_to_5_matches,S1-885772210,S3-477205259,S3,5,Jo Ann's Chemical,"208 Blossom Lane, Hurst, TX",US,Jo Ann's  Chemical,"208 Blossom Lane, Hurst, Texas",US,True,False,True,True,False,False,True,True,True
6plus_matches,S1-465304007,S2-65013909,S2,6,Unique Builders Pvt Ltd,"1201, Cts137/B, Silver Leaf Wing A Akurli Road Opp Goshala Kandivali, Mumbai, Mumbai City, Maharashtra",India,यूनिक बिल्डर्स प्रा. लि.,"201, CTS137/B, SILVER LEAF WING A AKURLI ROAD OPP GOSHALA KANDIVALI, MUMBAI, BOMBAY, Maharashtra",India,True,False,False,True,False,False,True,True,True
6plus_matches,S1-465304007,S2-98188244,S2,6,Unique Builders Pvt Ltd,"1201, Cts137/B, Silver Leaf Wing A Akurli Road Opp Goshala Kandivali, Mumbai, Mumbai City, Maharashtra",India,Unique Builders Pvt  Ltd,"201, CTS137/B, SILVER LEAF WING A AKURLI ROAD OPP GOSHALA KANDIVALI, MUMBAI, Maharashtra",India,True,False,True,True,False,False,True,True,True
6plus_matches,S1-465304007,S2-607944745,S2,6,Unique Builders Pvt Ltd,"1201, Cts137/B, Silver Leaf Wing A Akurli Road Opp Goshala Kandivali, Mumbai, Mumbai City, Maharashtra",India,यूनिक बिल्डर्स प्रा. लि.,"201, CTS137/B, SILVER LEAF WING A AKURLI ROAD OPP GOSHALA KANDIVALI, MUMBAI, MUMBAI CITY, Maharashtra",India,True,False,False,True,False,False,True,True,True
6plus_matches,S1-465304007,S3-975649725,S3,6,Unique Builders Pvt Ltd,"1201, Cts137/B, Silver Leaf Wing A Akurli Road Opp Goshala Kandivali, Mumbai, Mumbai City, Maharashtra",India,यूनिक Builders प्रा. लि.,"120, Cts137/b, Silver Leaf Wing A Akurli Road Opp Goshala Kandivali, Mumbai, Mumbai City, MH",India,True,False,False,True,False,False,True,True,True
6plus_matches,S1-465304007,S3-739494471,S3,6,Unique Builders Pvt Ltd,"1201, Cts137/B, Silver Leaf Wing A Akurli Road Opp Goshala Kandivali, Mumbai, Mumbai City, Maharashtra",India,यूनिक बिल्डर्स प्रा. लि.,"120, Cts137/b, Silver Leaf Wing A Akurli Road Opp Goshala Kandivali, Mumbai City, Mumbai, महाराष्ट्र",India,True,False,False,True,False,False,True,True,True
6plus_matches,S1-465304007,S3-76449677,S3,6,Unique Builders Pvt Ltd,"1201, Cts137/B, Silver Leaf Wing A Akurli Road Opp Goshala Kandivali, Mumbai, Mumbai City, Maharashtra",India,Belomiraquo formerly Unique Builders Pvt Ltd,"1201, Cts137/B, Silver Leaf Wing A Akurli Road Opp Goshala Kandivali, Mumbai, Mumbai City, Maharashtra",India,True,False,False,True,True,True,True,True,True
6plus_matches,S1-92458999,S2-789159443,S2,8,Federal Liberty Pro LLC,"4631 Hughes Street, Amarillo, TX",US,Federal  Liberty Pro LLC,"4631 HUGHES STREET, AMARILLO, TX",US,True,False,True,True,False,True,True,True,True
6plus_matches,S1-92458999,S2-925060041,S2,8,Federal Liberty Pro LLC,"4631 Hughes Street, Amarillo, TX",US,FEDERAL-LIBERTY-PRO LLC,"4631 HUGHES STREET, AMARILLO, TX",US,True,False,True,True,False,True,True,True,True
6plus_matches,S1-92458999,S2-123883475,S2,8,Federal Liberty Pro LLC,"4631 Hughes Street, Amarillo, TX",US,Federal Liberty Pr0 LLC,"4631 HUGHES ST, AMARILLO, TX",US,True,False,False,True,False,False,True,True,True
6plus_matches,S1-92458999,S2-610521200,S2,8,Federal Liberty Pro LLC,"4631 Hughes Street, Amarillo, TX",US,federallibertypro.com,"4631 HUGHES STREET, AMARILLO, TX",US,True,False,False,True,False,True,True,True,True
6plus_matches,S1-92458999,S2-911633700,S2,8,Federal Liberty Pro LLC,"4631 Hughes Street, Amarillo, TX",US,féderallibertypro.com,"4631 HUGHES ST, AMARILLO, TX",US,True,False,False,True,False,False,True,True,True
6plus_matches,S1-92458999,S3-741041480,S3,8,Federal Liberty Pro LLC,"4631 Hughes Street, Amarillo, TX",US,Federal Liberty LLC Pro,"Texas, 4631 1/2 Hughes Street, Amarillo",US,True,False,False,True,False,False,True,True,True
6plus_matches,S1-92458999,S3-343064936,S3,8,Federal Liberty Pro LLC,"4631 Hughes Street, Amarillo, TX",US,Federal Liberty Liberty Pro Llc,"4631 1/2 Hughes Street, Amarillo, Texas",US,True,False,False,True,False,False,True,True,True
6plus_matches,S1-92458999,S3-373007701,S3,8,Federal Liberty Pro LLC,"4631 Hughes Street, Amarillo, TX",US,Federal Liberty Pro Pro,"4631 1/2 Hughes St, Amarillo, Texas",US,True,False,False,True,False,False,True,True,True
6plus_matches,S1-162541132,S2-482771304,S2,7,Strickland Delta Data,"30 Lakeland Road, Staten Island, NY",US,Strickland Dasta Delta,"30  LAKELAND RD, STATEN ISLAND, NY",US,True,False,False,True,False,False,True,True,True
6plus_matches,S1-162541132,S2-41575005,S2,7,Strickland Delta Data,"30 Lakeland Road, Staten Island, NY",US,STRICKLAND DELTA,"STATEN ISLAND, 30  Lakeland Rd, NY",US,True,False,False,True,False,False,True,True,True
6plus_matches,S1-162541132,S3-229788940,S3,7,Strickland Delta Data,"30 Lakeland Road, Staten Island, NY",US,Strickland Dbael Data,"30 Lakeland Road, Staten Island, New York",US,True,False,False,True,False,False,True,True,True
6plus_matches,S1-162541132,S3-73266448,S3,7,Strickland Delta Data,"30 Lakeland Road, Staten Island, NY",US,Strickland-Delta,"30 Lakeland Rd, New York, Staten Island",US,True,False,False,True,False,False,True,True,True
6plus_matches,S1-162541132,S3-441035371,S3,7,Strickland Delta Data,"30 Lakeland Road, Staten Island, NY",US,Strickland Delta Daa,"30 Lakeland Rd, Staten Island, New York",US,True,False,False,True,False,False,True,True,True
6plus_matches,S1-162541132,S3-765090233,S3,7,Strickland Delta Data,"30 Lakeland Road, Staten Island, NY",US,delta strickland data,"30 Lakeland Rd, Staten Island, New York",US,True,False,False,True,False,False,True,True,True
6plus_matches,S1-162541132,S3-658217201,S3,7,Strickland Delta Data,"30 Lakeland Road, Staten Island, NY",US,Strickland Delta Dáta,"30 Lakleand Road, Staten Island, New York",US,True,False,False,True,False,False,True,True,True
6plus_matches,S1-286499434,S2-212658294,S2,6,American Tavia Inc,"1190 Turlington Road, Dunn, NC",US,AMERICAN TA INC,"1190 TURLINGTON RD, DUNN  CDP, NC",US,True,False,False,True,False,False,True,True,True
6plus_matches,S1-286499434,S2-784377957,S2,6,American Tavia Inc,"1190 Turlington Road, Dunn, NC",US,americantavia.com,"1190 TURLINGTON RD, DUNN  CDP, NC",US,True,False,False,True,False,False,True,True,True
6plus_matches,S1-286499434,S2-830915517,S2,6,American Tavia Inc,"1190 Turlington Road, Dunn, NC",US,American  Tavia-Inc,"1190 TURLINGTON RD, DUNN  CDP, NC",US,True,False,True,True,False,False,True,True,True
6plus_matches,S1-286499434,S3-17415962,S3,6,American Tavia Inc,"1190 Turlington Road, Dunn, NC",US,American Tavia,,US,True,False,False,False,False,False,True,True,True
6plus_matches,S1-286499434,S3-140479987,S3,6,American Tavia Inc,"1190 Turlington Road, Dunn, NC",US,American Taia Inc,,US,True,False,False,False,False,False,True,True,True
6plus_matches,S1-286499434,S3-988057582,S3,6,American Tavia Inc,"1190 Turlington Road, Dunn, NC",US,American (Tavia),"Turlington Rd, Dunn, North Carolina",US,True,False,False,True,False,False,True,True,True
6plus_matches,S1-951140382,S2-51422449,S2,8,Shandee Hopkins Stores LLC,"483 Jacktown Road, Marion Area, NC",US,Shandee Hópkins Stores LLC,"683 JACKTOWN ROAD, MARION AREA, NC",US,True,False,False,True,False,False,True,True,True
6plus_matches,S1-951140382,S2-436188810,S2,8,Shandee Hopkins Stores LLC,"483 Jacktown Road, Marion Area, NC",US,Shandee Hopkins Stores  LLC,"683 JACKTOWN RD, MARION AREA, NC",US,True,False,True,True,False,False,True,True,True
6plus_matches,S1-951140382,S3-937181330,S3,8,Shandee Hopkins Stores LLC,"483 Jacktown Road, Marion Area, NC",US,shandee hopkins stores llc,"483 Jacktown Rd, Marion Area, North Carolina",US,True,False,True,True,False,False,True,True,True
6plus_matches,S1-951140382,S3-987163408,S3,8,Shandee Hopkins Stores LLC,"483 Jacktown Road, Marion Area, NC",US,Shandee Hopkins  Stores LLC,"483 Jacktown Road, Marion Area, North Carolina",US,True,False,True,True,False,False,True,True,True
6plus_matches,S1-951140382,S3-433213061,S3,8,Shandee Hopkins Stores LLC,"483 Jacktown Road, Marion Area, NC",US,5handee Hopkins Stores Llc,"483 Jacktown Rd, Marion Area, North Carolina",US,True,False,False,True,False,False,True,True,True
6plus_matches,S1-951140382,S3-259664775,S3,8,Shandee Hopkins Stores LLC,"483 Jacktown Road, Marion Area, NC",US,Shandee Hopkins LLC Center,"483 Jacktown Road, Marion Area, North Carolina",US,True,False,False,True,False,False,True,True,True
6plus_matches,S1-951140382,S3-386813266,S3,8,Shandee Hopkins Stores LLC,"483 Jacktown Road, Marion Area, NC",US,Shandee Hópkins Stores LLC,"483 Jacktown Road, Marion Area, North Carolina",US,True,False,False,True,False,False,True,True,True
6plus_matches,S1-951140382,S3-116048137,S3,8,Shandee Hopkins Stores LLC,"483 Jacktown Road, Marion Area, NC",US,Iriumbra Labs formerly known as Shandee Hopkins Stores LLC,"Marion Area, NC, 483 Jacktown Road",US,True,False,False,True,False,False,True,True,True
