gain_rank,feature,gain_importance,split_importance,gain_percent,split_percent,family,task3_5_high_correlation_flag
1,retrieval_best_rank,53153607.434057236,1017,0.7297006265834506,0.022766957689724646,retrieval_evidence,False
2,name_address_similarity_product,4964257.347238541,730,0.06815006302809203,0.016342064025072756,baseline_name_similarity,False
3,address_token_set,3342538.5470552444,1016,0.04588686619608001,0.022744571300649205,address_similarity,False
4,address_jaro_winkler,2062249.9819161892,1054,0.028310874400064946,0.023595254085516007,address_similarity,False
5,independent_strong_signal_count,1547507.7483363152,331,0.021244416477370222,0.0074098947839713455,interpretable_interaction,False
6,retrieval_rrf_score_top100,594258.99032408,1339,0.008158075783102698,0.029975374972017015,retrieval_evidence,False
7,transliteration_levenshtein_gain,581477.9045424461,1041,0.00798261513699612,0.023304231027535257,transliterated_name_similarity,False
8,suffix_name_token_set,578061.8858053684,1058,0.007935719523825201,0.023684799641817775,legal_suffix_name_similarity,False
9,transliterated_name_levenshtein,576215.2896697521,1638,0.007910369177494006,0.03666890530557421,transliterated_name_similarity,False
10,address_number_jaccard,560485.7255967855,564,0.00769443138297709,0.012625923438549362,address_number_structure,True
11,name_char3_jaccard,494676.2872593403,1252,0.00679098962788052,0.028027759122453547,baseline_name_similarity,False
12,address_conflicting_number_count,480918.3315796852,669,0.0066021183665572625,0.014976494291470785,address_number_structure,False
13,suffix_name_levenshtein,350262.2355105877,1198,0.004808452051682072,0.026818894112379674,legal_suffix_name_similarity,False
14,candidate_address_missing,296736.0673751831,8,0.0040736368563922395,0.00017909111260353705,missingness,True
15,name_length_ratio,285223.87426805496,2075,0.00391559575760054,0.04645175733154242,baseline_name_similarity,True
16,name_jaro_winkler,264820.54263472557,1677,0.003635495787044431,0.03754197447951645,baseline_name_similarity,False
17,name_first_token_exact,259803.07534694672,250,0.0035666152500404965,0.005596597268860533,baseline_name_similarity,True
18,name_token_jaccard,223436.06050395966,1144,0.0030673634626463982,0.0256100291023058,baseline_name_similarity,True
19,address_token_jaccard,182011.7410314083,1176,0.0024986842452966816,0.026326393552719946,address_similarity,False
20,name_token_set,137868.81799650192,777,0.0018926836339974845,0.017394224311618536,baseline_name_similarity,True
21,name_token_sort,136798.61955070496,1207,0.0018779917905993575,0.027020371614058653,baseline_name_similarity,False
22,address_token_sort,126742.79774737358,885,0.001739943973622764,0.019811954331766288,address_similarity,False
23,transliterated_name_token_set,123436.98142337799,1299,0.0016945612355652947,0.029079919408999327,transliterated_name_similarity,True
24,address_length_ratio,120788.87033629417,1133,0.0016582075727982868,0.025363778822475935,address_similarity,False
25,address_char3_jaccard,111566.36048147082,1117,0.0015315995861609635,0.02500559659726886,address_similarity,False
26,suffix_levenshtein_gain,111149.71777868271,1687,0.0015258798531839857,0.03776583837027087,legal_suffix_name_similarity,False
27,name_token_count_difference,107314.43008470535,791,0.0014732284534291326,0.017707633758674724,baseline_name_similarity,False
28,retrieval_best_score,95940.41044479609,1436,0.001317084220541255,0.0321468547123349,retrieval_evidence,False
29,candidate_source_s3,87426.41494727135,399,0.0012002028243541765,0.00893216924110141,source_metadata,False
30,retrieval_mean_rank_present,72510.97700309753,1298,0.0009954414743906254,0.029057533019923885,retrieval_evidence,False
31,address_first_token_exact,72284.86326026917,183,0.0009923373513068688,0.00409670920080591,address_similarity,False
32,frozen_candidate_position,66225.84440231323,1143,0.000909158239472993,0.025587642713230357,retrieval_evidence,False
33,retrieval_signal_count_top100,60483.49958515167,87,0.0008303264759593047,0.0019476158495634653,retrieval_evidence,False
34,baseline_name_score,55603.723343372345,888,0.0007633361821089591,0.01987911349899261,retrieval_evidence,False
35,name_levenshtein,49124.771725177765,1014,0.000674392170900206,0.022699798522498323,baseline_name_similarity,False
36,address_number_count_difference,43754.00123143196,478,0.0006006614349499843,0.01070069397806134,address_number_structure,False
37,transliterated_name_score,43537.70501327515,1114,0.0005976920883047454,0.024938437430042534,retrieval_evidence,True
38,address_levenshtein,43211.75370454788,1031,0.0005932173802708823,0.023080367136780838,address_similarity,False
39,suffix_name_score,42799.31701087952,1037,0.0005875553880125172,0.02321468547123349,retrieval_evidence,True
40,address_token_count_difference,37319.6805896759,828,0.0005123301244222268,0.018535930154466085,address_similarity,False
41,number_address_score,36958.2668454051,883,0.0005073685828000997,0.019767181553615402,retrieval_evidence,True
42,transliterated_name_rank,34265.84365963936,801,0.0004704065969533546,0.017931497649429147,retrieval_evidence,True
43,address_first_number_exact,31630.499539136887,147,0.0004342282010019722,0.0032907991940899933,address_number_structure,False
44,number_address_rank,30076.53565430641,618,0.0004128951537228085,0.013834788448623236,retrieval_evidence,True
45,baseline_address_score,29681.539757728577,703,0.00040747259132027885,0.01573763152003582,retrieval_evidence,False
46,suffix_name_rank,28799.870871305466,838,0.0003953689097468273,0.018759794045220504,retrieval_evidence,True
47,baseline_address_rank,27798.67330980301,567,0.0003816243207484508,0.012693082605775688,retrieval_evidence,False
48,baseline_name_rank,25489.00491052866,553,0.00034991684952476453,0.012379673158719498,retrieval_evidence,False
49,both_addresses_have_numbers,20431.5832324028,59,0.00028048781270908823,0.0013207969554510858,address_number_structure,False
50,cross_script_name,10124.141220092773,86,0.00013898571608871775,0.0019252294604880232,interpretable_interaction,True
51,high_name_numeric_conflict,9018.554028511047,71,0.0001238080507262928,0.0015894336243563914,interpretable_interaction,False
52,one_address_missing_numbers,5478.497173070908,119,7.520962382252294e-05,0.0026639802999776137,address_number_structure,False
53,address_number_set_exact,1724.8303894996643,35,2.3678728062427803e-05,0.0007835236176404746,address_number_structure,True
54,suffix_name_exact,1534.9191665649414,7,2.107159855494107e-05,0.0001567047235280949,legal_suffix_name_similarity,False
55,legal_suffix_rescue,1416.9938797950745,20,1.9452702683146116e-05,0.00044772778150884264,interpretable_interaction,False
56,strong_address_and_number,1230.7449097633362,34,1.6895849128073908e-05,0.0007611372285650324,address_number_structure,False
57,task2_baseline_member,1157.7207188606262,8,1.589336217695655e-05,0.00017909111260353705,retrieval_evidence,True
58,transliterated_name_exact,672.6503105163574,10,9.234243483177884e-06,0.00022386389075442132,transliterated_name_similarity,False
59,strong_name_and_address,420.79972219467163,20,5.776801157523166e-06,0.00044772778150884264,interpretable_interaction,False
60,name_exact,178.91611671447754,5,2.456187054366908e-06,0.00011193194537721066,baseline_name_similarity,False
61,suffix_name_rank_missing,161.77768802642822,5,2.2209081569216067e-06,0.00011193194537721066,retrieval_evidence,True
62,address_exact,124.52149868011475,3,1.709449649729153e-06,6.71591672263264e-05,address_similarity,False
63,number_address_rank_missing,98.14820098876953,5,1.347393097418541e-06,0.00011193194537721066,retrieval_evidence,True
64,baseline_name_rank_missing,57.304901123046875,1,7.866902036266591e-07,2.238638907544213e-05,retrieval_evidence,False
65,transliterated_name_rank_missing,49.81279754638672,2,6.838374916804488e-07,4.477277815088426e-05,retrieval_evidence,True
66,baseline_address_rank_missing,13.060099601745605,1,1.7929098931730992e-07,2.238638907544213e-05,retrieval_evidence,False
