metric,logistic_regression,lightgbm
PR-AUC,0.929392512481834,0.9846006546470472
ROC-AUC,0.998446833234995,0.9995294454326242
Log Loss,0.0484058467989332,0.007393693635658731
Recall@1,0.2889680818097304,0.3030678648899907
Recall@3,0.6557173845677099,0.6770994731949179
Recall@5,0.8664394174155562,0.8916950728230555
Recall@10,0.9886891850015495,0.9962813758909204
Recall@20,0.9967462039045553,0.9989154013015185
Training Runtime Seconds,2.3735578329999996,105.694371208
Inference Runtime Seconds,0.17840745899999977,3.4197302500000006
