source1_entity_id,candidate_entity_id,candidate_source,match_group,label,predicted_probability,within_entity_rank,hard_case_reason,s1_name,candidate_name,s1_address,candidate_address,candidate_address_missing,candidate_source_s3,cross_script_name,name_levenshtein,name_token_set,transliterated_name_levenshtein,transliteration_levenshtein_gain,suffix_name_levenshtein,suffix_levenshtein_gain,address_levenshtein,address_token_set,address_char3_jaccard,both_addresses_have_numbers,address_number_jaccard,address_conflicting_number_count,retrieval_best_rank,retrieval_signal_count_top100,retrieval_rrf_score_top100,task2_baseline_member,independent_strong_signal_count
S1-121819195,S3-717893268,S3,2,0,0.9998836,2,highest_lightgbm_probability,Aarvora Solutions Limited,aarvori solutions limited,"Nr Khanna Hosp, Sec- 14, R. No. 002 H. No. 1061, Thane, Maharashtra","Nr Khanna Hosp, Sec- 14, Thane, MH, Thane, R. No. 1-002 H. No. 1061",0.0,1.0,0.0,0.96,0.96,0.96,0.0,0.9411765,-0.018823504,0.5,0.9450549,0.65,1.0,0.75,1.0,8.0,3.0,0.043283142,1.0,4.0
S1-898274878,S3-835241468,S3,1,0,0.9998639,2,highest_lightgbm_probability,"Lain, Amanda P., DPM, PC Corp","Lain, Amanda P., DPYM, PC Corp","6141 Paseo, Kansas City, MO","Missouri, Kansas City, #6141 Paseo",0.0,1.0,0.0,0.96153843,0.98039216,0.96153843,0.0,0.95238096,-0.009157479,0.38709676,0.93617016,0.57575756,1.0,1.0,0.0,2.0,5.0,0.074319266,1.0,5.0
S1-955160026,S2-231758159,S2,2,0,0.99983853,3,highest_lightgbm_probability,Dawkins Property Inc.,Dawkins Property Inc,"39 Logwood Street, South Burlington, VT","42 LOWGOOD ST, SOUTH BURLINGTON, VT",0.0,0.0,0.0,1.0,1.0,1.0,0.0,1.0,0.0,0.7837838,0.85714287,0.5714286,1.0,0.0,2.0,1.0,5.0,0.07245424,1.0,4.0
S1-735816412,S2-751968556,S2,6+,0,0.99975127,4,highest_lightgbm_probability,Kaveraksh Pharmaceuticals Private Limited,Caveraksh Phármaceuticals Private Limited - 9678705254,"34, Anand Bunglows, Near Nh-27 Bhildi, Deesa, Banas Kantha, Gujarat","34, ANAND BUNGLOWS, NEAR NH-27 BHILDI, DEESA, Gujarat",0.0,0.0,1.0,0.75,0.8387096,0.7692308,0.019230783,0.44230768,-0.30769232,0.7903226,1.0,0.7966102,1.0,1.0,0.0,3.0,3.0,0.046409145,1.0,3.0
S1-118621457,S2-966562664,S2,6+,0,0.9997469,5,highest_lightgbm_probability,Apex & Sons Private Limited,M/s APEX & SONS [LIMITED],"Shop No S101, Phase 3, Spencer Plaza, Chennai, Tamil Nadu","SHOP NO S02, PHASE 3, SPENCER PLAZA, CHENNAI, Tamil Nadu",0.0,0.0,0.0,0.52,0.8947368,0.52,0.0,0.6923077,0.17230773,0.9622642,0.9714286,0.8363636,1.0,1.0,0.0,4.0,5.0,0.065804735,1.0,5.0
S1-474604746,S2-143633699,S2,2,0,0.9996236,2,highest_lightgbm_probability,Lohia Infinity Pvt Ltd,Smt Lohia Infinity Ventures Pvt,"Office No. Si-G-B055, Shilp Incubation Centre, Plot 11T 3 & 11T 5, Block 11, Gift Sez, Gandhi Nagar, Gujarat","OFFICE NO. SI-G-B57, SHILP INCUBATION CENTRE, PLOT 11T 3 & 11T 5, BLOCK 11, GIFT SEZ, GANDHI NAGAR, Gujarat",0.0,0.0,0.0,0.5483871,0.9,0.5483871,0.0,0.5185185,-0.029868603,0.97979796,0.9841269,0.9072165,1.0,1.0,0.0,2.0,4.0,0.058387093,1.0,5.0
S1-985783559,S2-330837857,S2,3-5,0,0.99958056,5,highest_lightgbm_probability,Mountain Kensington Inc.,Mountain Kensington Inc.,"201 Hill Street, Ukiah, OR","206 HILL ST, UKIAH, OR",0.0,0.0,0.0,1.0,1.0,1.0,0.0,1.0,0.0,0.7916667,0.8636364,0.53846157,1.0,0.0,2.0,2.0,4.0,0.06451613,1.0,4.0
S1-932910951,S2-44160608,S2,2,0,0.99956906,2,highest_lightgbm_probability,Black Infrastructure LLP,ಬ್ಲ್ಯಾಕ್ ಫೌಂಡೇಶನ್ ಎಲ್ಎಲ್‌ಪಿ,"Ef8 Banyan Tree, Residential Apartments, Karnataka, Bangalore South, Bangalore","EF10 BANYAN TREE, RESIDENTIAL APARTMENTS, BANGALORE SOUTH, BANGALORE, Karnataka",0.0,0.0,1.0,0.083333336,0.09302325,0.26,0.17666665,0.045454547,-0.03787879,0.70666665,0.9767441,0.8208955,0.0,0.0,0.0,1.0,2.0,0.032786883,1.0,1.0
S1-655657043,S2-997218057,S2,1,0,0.9994892,1,highest_lightgbm_probability,Eye Center Inc.,Eye Center Inc,"2287 Preserve Circle, Nashville, TN","TN, 2289 PRESERVE CIR, NASHVILLE",0.0,0.0,0.0,1.0,1.0,1.0,0.0,1.0,0.0,0.6969697,0.9206349,0.5263158,1.0,0.0,2.0,1.0,5.0,0.06317171,1.0,4.0
S1-740794039,S2-678688474,S2,1,0,0.99927723,1,highest_lightgbm_probability,Lancor (India) Solutions LLP,जैन इंडियन एक्सपोर्ट्स एलएलपी,"2Nd Floor, Krishna Building, S.P. Verma Road, P.S. Gandhi Maidan, Patna, Bihar","2ND FLOOR KRISHNA BUILDING S.P.VERMA ROAD, PATNA, Bihar",0.0,0.0,1.0,0.071428575,0.111111104,0.3220339,0.25060534,0.071428575,0.0,0.74647886,1.0,0.75384617,1.0,1.0,0.0,3.0,2.0,0.031746034,1.0,2.0
S1-584705923,S2-524069166,S2,2,0,0.9991925,2,highest_lightgbm_probability,Maid Cleaning Service!,A/K SERVICES,"64-17 182 Street, Fresh Meadows, NY","64-17-A 182 ST, FRESH MEADOWS, NY",0.0,0.0,0.0,0.42857143,0.60606056,0.42857143,0.0,0.42857143,0.0,0.8181818,0.91228074,0.71428573,1.0,1.0,0.0,3.0,2.0,0.031498015,1.0,2.0
S1-832137209,S3-34176894,S3,6+,0,0.9990494,8,highest_lightgbm_probability,Caldon Chesapeake Inc,Caldan Chesapeake,"5617 Bluestem Street, Sioux Falls, SD","5617 Bluestem Street, Sioux Falls, South Dakota",0.0,1.0,0.0,0.7619048,0.8421052,0.7619048,0.0,0.9411765,0.1792717,0.7777778,0.9552238,0.72727275,1.0,1.0,0.0,9.0,2.0,0.028985508,1.0,3.0
S1-254746390,S2-867977869,S2,2,0,0.9989798,3,highest_lightgbm_probability,Ferrora Select PLLC,Ferrrora  Select,"29525 Mentzer Court, Lindstrom, MN","29525 MENTZER CT, LINDSTROM, MN",0.0,0.0,0.0,0.68421054,0.8235294,0.7297297,0.045519173,0.68421054,0.0,0.90625,0.9508197,0.78125,1.0,1.0,0.0,2.0,5.0,0.07399322,1.0,2.0
S1-964171549,S2-136726733,S2,1,0,0.998915,2,highest_lightgbm_probability,Yashwant Softwares Pvt Ltd,హరి ఫౌండేషన్ ప్రైవేట్ లిమిటెడ్,"Sahara Apartmentss R Nagar Hyderabad, Andhra Pradesh, Telangana, Flat No.203","FLT NO.203, SAHARA APARTMENTSS R NAGAR HYDERABAD, ANDHRA PRADESH, Telangana",0.0,0.0,1.0,0.07692308,0.12765957,0.25862068,0.1816976,0.04,-0.03692308,0.6849315,0.99310344,0.85333335,1.0,1.0,0.0,2.0,2.0,0.032002047,1.0,2.0
S1-410636467,S2-314734664,S2,2,0,0.9988884,3,highest_lightgbm_probability,Taraesh Trading Pvt. Ltd.,Taraesha Pvt. Trading Ltd.,"1, Link Road, Jangpura Extn., New Delhi, Delhi","1, LINK ROAD, JANGPURA EXTN., Delhi",0.0,0.0,0.0,0.625,0.97872335,0.625,0.0,0.75,0.125,0.75609756,1.0,0.7777778,1.0,1.0,0.0,1.0,5.0,0.071188495,1.0,4.0
S1-224124959,S2-159896318,S2,3-5,0,0.99857235,4,highest_lightgbm_probability,Autotech Shipping Private Limited,Shri autotech shipping limited,"C/O Sh A C Lodha, Banthia Chowk, Bikaner, Rajasthan","B3/50 C/O SH A C LODHA, BANTHIA CHOWK, BIKANER, Rajasthan",0.0,0.0,0.0,0.6060606,0.9090909,0.6363636,0.030303001,0.77272725,0.16666663,0.8888889,1.0,0.9,0.0,0.0,0.0,2.0,5.0,0.078396276,1.0,4.0
S1-903393043,S3-791918483,S3,2,0,0.99845606,3,highest_lightgbm_probability,Tejavi Mission Private Limited,Tejavy Milsoin-Private Limited,"No Mgp-7/86-A, Badar Nagar, Neerchal, Kasaragod, Kasargod, Kerala","No Mgp-7/86-a, Kasargod, Keralam",0.0,1.0,0.0,0.8666667,0.9,0.46666667,-0.4,0.71428573,-0.15238094,0.46666667,0.84615386,0.50980395,1.0,1.0,0.0,3.0,1.0,0.015873017,0.0,2.0
S1-773212713,S3-580720775,S3,1,0,0.9983106,1,highest_lightgbm_probability,Technologies Ocean For Limited,Technologies Ocean For Pvt Ltd,"Group C1, W No-7, Near Balaji Iarn Store, Silani Gate, Jhajjar, Haryana","Group C6, W No-7, Near Balaji Iarn Store, Silani Gate, Jhajjar, HR",0.0,1.0,0.0,0.8,0.8666666,0.8,0.0,1.0,0.19999999,0.90909094,0.9482758,0.80597013,1.0,1.0,0.0,1.0,5.0,0.0817028,1.0,5.0
S1-941442245,S3-334374750,S3,3-5,0,0.9982487,3,highest_lightgbm_probability,Alpha Consultants Private Limited,Alpha Consultants  Private (Limited),"Plot No. B-4/10 Second Floor Safdar Jung Encalve, New Delhi, Delhi","B-4/d, New Delhi, East Delhi, DL",0.0,1.0,0.0,1.0,1.0,1.0,0.0,1.0,0.0,0.31746033,0.7222222,0.17910448,1.0,0.33333334,2.0,5.0,3.0,0.042436175,1.0,3.0
S1-161269975,S3-281836566,S3,1,0,0.9981226,2,highest_lightgbm_probability,Louis Capital Nuclear LLC,Yingling LLC Nuclear Capital,"206 Scott Street, Naugatuck, CT","206 Scott St, Naugatuck, Connecticut",0.0,1.0,0.0,0.32142857,0.8636364,0.35714287,0.0357143,0.2857143,-0.03571427,0.61764705,0.7936508,0.55263156,1.0,1.0,0.0,7.0,3.0,0.029190995,1.0,3.0
