model,scope,group,metric,numerator,denominator,value
logistic_regression,overall,all,recall_at_1_retrieved_candidates,1865,6454,0.2889680818097304
logistic_regression,overall,all,recall_at_1_end_to_end,1865,6693,0.2786493351262513
logistic_regression,overall,all,recall_at_3_retrieved_candidates,4232,6454,0.6557173845677099
logistic_regression,overall,all,recall_at_3_end_to_end,4232,6693,0.6323024054982818
logistic_regression,overall,all,recall_at_5_retrieved_candidates,5592,6454,0.8664394174155562
logistic_regression,overall,all,recall_at_5_end_to_end,5592,6693,0.8354997758852533
logistic_regression,overall,all,recall_at_10_retrieved_candidates,6381,6454,0.9886891850015495
logistic_regression,overall,all,recall_at_10_end_to_end,6381,6693,0.95338413267593
logistic_regression,overall,all,recall_at_20_retrieved_candidates,6433,6454,0.9967462039045553
logistic_regression,overall,all,recall_at_20_end_to_end,6433,6693,0.9611534438966084
logistic_regression,overall,all,mean_positive_rank,,6454,3.195227765726681
logistic_regression,overall,all,median_positive_rank,,6454,2.0
logistic_regression,overall,all,positive_link_mean_reciprocal_rank,,6454,0.5142117395499117
logistic_regression,overall,all,entity_first_positive_mrr,,6454,0.9665179422756113
lightgbm,overall,all,recall_at_1_retrieved_candidates,1956,6454,0.3030678648899907
lightgbm,overall,all,recall_at_1_end_to_end,1956,6693,0.29224562976243834
lightgbm,overall,all,recall_at_3_retrieved_candidates,4370,6454,0.6770994731949179
lightgbm,overall,all,recall_at_3_end_to_end,4370,6693,0.6529209621993127
lightgbm,overall,all,recall_at_5_retrieved_candidates,5755,6454,0.8916950728230555
lightgbm,overall,all,recall_at_5_end_to_end,5755,6693,0.8598535783654564
lightgbm,overall,all,recall_at_10_retrieved_candidates,6430,6454,0.9962813758909204
lightgbm,overall,all,recall_at_10_end_to_end,6430,6693,0.9607052144031077
lightgbm,overall,all,recall_at_20_retrieved_candidates,6447,6454,0.9989154013015185
lightgbm,overall,all,recall_at_20_end_to_end,6447,6693,0.9632451815329449
lightgbm,overall,all,mean_positive_rank,,6454,2.923923148435079
lightgbm,overall,all,median_positive_rank,,6454,2.0
lightgbm,overall,all,positive_link_mean_reciprocal_rank,,6454,0.5303963904271104
lightgbm,overall,all,entity_first_positive_mrr,,6454,0.9921414233914234
