strategy,k,s1_entity_id,true_matched_entity_id,matched_source,s1_name,true_name,s1_address,true_address,s1_country,true_country,match_count,match_group,name_similarity,address_similarity,name_rank_up_to_1000,address_rank_up_to_1000,exact_name_candidate_count,exact_address_candidate_count,failure_patterns
All signals union,100,S1-951082743,S2-753664413,S2,Good Impex Pvt Ltd,गुड इम्पेक्स प्रा. लि.,"Dsidc Shed 7, Scheme Iii Okhla Ind Area, Phase-Ii Near Railway Line, New Delhi, South Delhi, Delhi","SOUTH DELHI, NEW DELHI, DSIDC SHED 7, Delhi",India,India,6,6+,0.0,0.6025002598762512,,412.0,8,0,script_or_transliteration_difference;very_different_name
All signals union,100,S1-40612493,S2-176766348,S2,"Jeff Management, LLC",JEFF LLC  CENTER,"7709 Pineridge Drive, Amarillo, TX",,US,US,7,6+,0.4803936183452606,,,,2,0,missing_address;address_number_difference
All signals union,100,S1-612280396,S2-750468004,S2,Zydus Brothers Pvt. Ltd.,Pvt Zydus Brgehsr Ltd,"Office No. 202, 2Nd Floor, C-Wing, Neelkanth Business Park, Vidyavihar West, Mumbai, Mumbai City, Maharashtra","Maharashtra, MUMBAI, OFFICE NO. 0202",India,India,5,3-5,0.489074170589447,0.44514593482017517,,,1,0,address_number_difference
All signals union,100,S1-973160179,S2-743064364,S2,Gold Foundation LLP,गोल्ड फाउंडेशन एलएलपी,"Jai Pali, W/O Dhannu Singh, R/O B-2, East Vinod Nagar, East Delhi, Delhi","JAI PABI, EAST DELHI, Delhi",India,India,1,1,0.0,0.47582998871803284,,699.0,1,0,script_or_transliteration_difference;address_number_difference;very_different_name
All signals union,100,S1-655804137,S3-28347301,S3,Golden Cargo Worldwide,Golden Cargo Wlogaardwie,"1301 Eventide Drive, City Of Janesville, WI","001301 Eventide Dr, Janesville, Wisconsin",US,US,2,2,0.5581209063529968,0.72884601354599,157.0,,0,0,address_number_difference
All signals union,100,S1-908664758,S2-51571922,S2,Delta Association,Delta  Association Corporation,"South Euclid, OH, 174 Green Road","##174 GREEN RD, CLEVELAND, OH",US,US,6,6+,0.8460372090339661,0.3937065005302429,110.0,,29,0,legal_suffix_variation
All signals union,100,S1-469395001,S3-213598029,S3,R+ Acquisition,*** R+ Acqlastion,"829 Watts Lane, Nashville, TN","829 Watts Ln, Nasvhille, Tennessee",US,US,2,2,0.29742714762687683,0.6054924726486206,,,1,0,lexical_rank_beyond_budget
All signals union,100,S1-308496085,S3-825835848,S3,Smart Trailblazer LLC,Smart Tráilblazer LLC,"1118 Horicon Street, Unit Unit 217, City Of Mayville, WI","1118 Horicon St, # Unit 217, Mayville, Wisconsin",US,US,2,2,0.7760739326477051,0.801186740398407,838.0,,0,0,script_or_transliteration_difference
All signals union,100,S1-795410914,S3-573391944,S3,Alegra Lal Private Limited,Alegra Private Limited (Center),"West Bengal, 2Nd Floor, Ganga Sadan Apartment Upper Gurung Basty, Pradhan Nagar, Siliguri, Darjeeling","H.no 2Nd Floor, Siliguri, Darjeeling, পশ্চিমবঙ্গ",India,India,3,3-5,0.6894564032554626,0.5885841250419617,,193.0,0,0,lexical_rank_beyond_budget
All signals union,100,S1-279883656,S3-864761301,S3,"Berlin National Auto, Inc","Berlin National Auto, Incorporated","433 Spruce Brook Road, Berlin, CT",,US,US,6,6+,0.817180871963501,,,,1,1,missing_address;address_number_difference;legal_suffix_variation
All signals union,100,S1-928544258,S3-100617532,S3,Jai Products Private Limited,जय प्रोडक्ट्स प्राइवेट लिमिटेड,"Villa No B-268, Amrapali Leisure Valley, Sector Techzone -4, Bishrakh, Gautam Buddha Nagar, Uttar Pradesh","Villa No B-26, Bishrakh, उत्तर प्रदेश",India,India,1,1,0.0,0.4079591929912567,,,12,0,script_or_transliteration_difference;address_number_difference;very_different_name
All signals union,100,S1-349533440,S2-276912188,S2,Dream Investment Private Limited,ড্রিম ইনভেস্টমেন্ট প্রাইভেট লিমিটেড,"9, Hungerford Street, Kolkata, Kolkata, Kolkata, Howrah, West Bengal","NO 884 9, HUNGERFORD STREET, KOLKATA, KOLKATA, KOLKATA, null, পশ্চিমবঙ্গ",India,India,1,1,0.0,0.7544976472854614,,,8,0,script_or_transliteration_difference;address_number_difference;very_different_name
All signals union,100,S1-220362888,S2-590497553,S2,Unique Technologies Private Limited,యూనిక్ టెక్నాలజీస్ ప్రైవేట్ లిమిటెడ్,"Telangana, Rangareddy, Hyderabad, 3Rd Floor, Mms Divya Diamonds Junction Kavuri Hills Phase 2 Rd, #3-225 & 226","H.NO 3-225 & 226, HYDERABAD, RANGAREDDY, Andhra Pradesh",India,India,7,6+,0.0,0.44549113512039185,,,19,0,script_or_transliteration_difference;address_number_difference;very_different_name
All signals union,100,S1-958328226,S2-555829446,S2,Royal Lakshmi Power Limited,रॉयल लक्ष्मी पावर लिमिटेड,"Shop No. 6, Kalyanji Ki Chowki, Near Jharkand Appartment, Jharkand Mod, Khatipura Road, Jaipur, Rajasthan","NO 6, JAIPUR, Rajasthan",India,India,2,2,0.0,0.3725746273994446,,615.0,1,1,script_or_transliteration_difference;very_different_name
All signals union,100,S1-976989782,S3-435531004,S3,Unique Healthcare Private Limited,Unique హెల్త్‌కేర్ Private Limited,"Plot No. 61, Shilpa Park, Kondapur, Hyderabad, Telangana","H.no 61, Hyderabad, Hyderabad-ii, TG",India,India,6,6+,0.623627781867981,0.39283570647239685,,,17,1,script_or_transliteration_difference
All signals union,100,S1-544279537,S2-336683368,S2,Urgent Care Center,Urgent Cáre Center Enterprises,"13607 White Cliff Drive, Houston, TX",,US,US,1,1,0.5607420206069946,,,,172,9,missing_address;script_or_transliteration_difference;address_number_difference;common_exact_name
All signals union,100,S1-87742046,S3-732125579,S3,Green Infrastructure Private Limited,Green Infrastructure  Private | www.greeninfr.com,"Old No.22, New No.20, V.O.C.Street, Tambaram, Kanchipuram, Tamil Nadu","No #22, New No.20, V.o.c.street, Tambaram, TN",India,India,5,3-5,0.7887871861457825,0.6923750638961792,,305.0,16,0,lexical_rank_beyond_budget
All signals union,100,S1-267104865,S2-980184480,S2,Pediatric Dental Physicians,Pediatric Dental Physicians Ltd,"2267 County Road 1617, Linden, TX","2267 COUNTY ROAD 1617, LINDNE CDP, TX",US,US,7,6+,0.9665327668190002,0.8249915838241577,308.0,,102,0,legal_suffix_variation;common_exact_name
All signals union,100,S1-37431305,S2-160258972,S2,Sterk Optimal Third,Sterk (Óptimal),"99 Washington Avenue, Unit Unit 806A, Albany, NY",,US,US,4,3-5,0.5417754650115967,,,,1,0,missing_address;script_or_transliteration_difference;address_number_difference
All signals union,100,S1-699194078,S3-615326404,S3,Division of Housing,divisionhousing.com,"Pinehurst, 219 Chirping Squirrel Court, TX","219 Chirping Squirrel Ct, Pineuhrst, Texas",US,US,1,1,0.8092763423919678,0.7348968386650085,234.0,,69,0,lexical_rank_beyond_budget
All signals union,100,S1-448352276,S3-415300485,S3,Bharatiya Consulting,Bharatiya Partners,"7(2), Sf.259, Natraj Layout, Sripathi Nagar Opp, Tiruppur, Coimbatore, Tamil Nadu","7(2), Tiruppur, Coimbatore, TN",India,India,4,3-5,0.621940016746521,0.5929256081581116,,154.0,0,0,address_number_difference
All signals union,100,S1-539446877,S2-261436754,S2,New Builders Private Limited,New Builders Pdrivlaae [Limited],"H. No. 1924 New Ram Nagar Pathak Ki Bagia, Orai, Jalaun, Uttar Pradesh",,India,India,6,6+,0.5990855097770691,,,,7,0,missing_address;address_number_difference
All signals union,100,S1-255893453,S2-745654816,S2,Dermatology Cascade Health LLC,Dermatology  Health LLC Center,"Mesa, AZ, 6445 Ingram Street","3445 INGRAM ST, MESA FALCON FIELD, AZ",US,US,7,6+,0.7760582566261292,0.589286744594574,751.0,,1,0,address_number_difference
All signals union,100,S1-583330147,S3-255854201,S3,Children's Trust,Children's  Ttu,"44 Avon Drive, Claymont, DE",,US,US,2,2,0.7519048452377319,,665.0,,63,0,missing_address;address_number_difference
All signals union,100,S1-118603251,S3-550818088,S3,Jai Engineering Limited,Fluxnex,"644, Second Floor, Anna Salai, Madras-6., Madras-6., Chennai, Tamil Nadu","644, Madras-6., Chennai, தமிழ்நாடு",India,India,6,6+,0.0,0.6974765062332153,,389.0,5,1,very_different_name
All signals union,100,S1-147840048,S3-213422512,S3,Advanced Environmental Consultants Clinic,Advanced Environmental Trading,"VA, Hanover County, 8027 Ellerson Wood Drive",,US,US,6,6+,0.6690391898155212,,144.0,,0,0,missing_address;address_number_difference
All signals union,100,S1-994531039,S3-134583235,S3,Chennai-28 India,Chennai-28 Índia,"No.3, Vasantha Avenue, M.R.C.Nagar, R.A Puram, Chennai, Chennai-28, Tamil Nadu","H.no 3, Chennai-28, Chennai, TN",India,India,7,6+,0.8385555148124695,0.5715152621269226,127.0,,2,0,script_or_transliteration_difference
All signals union,100,S1-716236697,S3-853250833,S3,Shakti Trading Ltd,Shakti Tdtagon Ltd,"Aligarh, Pole No 1213, Uttar Pradesh, Katra Street, Aligarh",,India,India,1,1,0.5243985056877136,,,,2,0,missing_address;address_number_difference
All signals union,100,S1-677342081,S3-308876293,S3,Braj Glass (India) LLP,Shri Braj Gláss (India) LLP,"Shop No.11, Kh. No.91/26, 28, 29, Village Alipur, Delhi, North West, Delhi","Shop No.11, Kh. No.91/26, 28, 29, Village Alipur, Gautam Bodda Nagar, Delhi, दिल्ली",India,India,6,6+,0.5584182143211365,0.7432965636253357,,133.0,2,0,script_or_transliteration_difference
All signals union,100,S1-91850347,S2-138341367,S2,South Technologies Pvt Ltd,साउथ टेक्नोलॉजीज प्रा. लि.,"Q-Lab I.T. Park, Mumbai, Maharashtra, (W), Plot No.A-17, Veera Desai-Industri Al Area, Off Fun Republic Road, Andheri","Q-LAB I.T. PAKR, MUMBAI, (W), Maharashtra",India,India,1,1,0.0,0.37349191308021545,,,3,0,script_or_transliteration_difference;address_number_difference;very_different_name
All signals union,100,S1-934255823,S2-363107049,S2,Holloway Vance Inc,Holloway Vance [Incorporated],"18041 43rd Drive, Phoenix, AZ","43ST DRIVE, GLENDALE, AZ",US,US,6,6+,0.8288851380348206,0.16703234612941742,,,0,0,address_number_difference;legal_suffix_variation;very_different_address
All signals union,100,S1-188532243,S2-870630581,S2,Jvm Solutions Limited,Jvm  Limited Services,"311, Jai Bhawani Society, Central Avenue Wardhman Nagar, Nagpur, Maharashtra",,India,India,7,6+,0.37781479954719543,,,,1,2,missing_address;address_number_difference
All signals union,100,S1-167302954,S2-41565342,S2,New Global Private Limited,न्यू ग्लोबल प्राइवेट लिमिटेड,"B-5A/B-6, Raj Kamal Apartment, Cst Road, Kalina, Santacruz East, Mumbai, Mumbai Suburban, Mumbai, Maharashtra","B-5A/B-6, MUMBAI, Maharashtra",India,India,6,6+,0.0,0.4588485658168793,,,16,1,script_or_transliteration_difference;very_different_name
All signals union,100,S1-161640624,S3-367999423,S3,Orthopedic Platinum Group,Orthopedic Platinum (ID: 57416),"1803 Nicholson Street, Crest Hill, IL","1803 Nicholson Street, Incorporated, Illinois",US,US,4,3-5,0.8507508635520935,0.6024083495140076,461.0,,1,1,name_number_difference
All signals union,100,S1-311777765,S3-744108626,S3,Meraki Sangh,Meraki  Sllanrhg,"56 Simla Street, Kolkata, Calcutta, West Bengal","###56 Simia Street, Calcutta, পশ্চিমবঙ্গ",India,India,6,6+,0.5691899657249451,0.6169410943984985,,,4,0,lexical_rank_beyond_budget
All signals union,100,S1-831489021,S3-798959312,S3,Bombay Energy Pvt Ltd,बॉम्बे एनर्जी प्रा. लि.,"B-495, Sarita Vihar, New Delhi, South Delhi, Delhi","Tughlakbad Extension, Sarita Vihar, DL, New Delhi, B-g-495",India,India,7,6+,0.0,0.6335398554801941,,,5,0,script_or_transliteration_difference;very_different_name
All signals union,100,S1-883686555,S3-688186580,S3,Mind Assessment Private Limited,Mind Assessment Limited Center,"Flat No 203, House No. 164/B & 165/B Community Hall Road, S R Nagar, Hyderabad, Telangana","Flat No 203, Hyderabad, Andhra Pradesh",India,India,8,6+,0.9158931970596313,0.35191503167152405,,,3,0,address_number_difference
All signals union,100,S1-839267857,S3-978950436,S3,P V & A Vertical Inc,P V & A Vertical  Incorporated,"OR, 92067 Sharewater Lane, Cheshire","92067 Sharewater Lane, Cheshire, Oregon",US,US,7,6+,0.7525737881660461,0.9149571061134338,,,2,0,legal_suffix_variation
All signals union,100,S1-325737745,S3-997602052,S3,Alpha South Solutions Pvt Ltd,আলফা সাউথ সলিউশনস প্রাইভেট লিমিটেড,"Vasundhara5Thfloor, Space-32/7Saratboseroad, Kolkata, Howrah, West Bengal","#801 Vasundhara5thfloor, Howrah, পশ্চিমবঙ্গ",India,India,7,6+,0.0,0.5992512702941895,,539.0,0,1,script_or_transliteration_difference;address_number_difference;very_different_name
All signals union,100,S1-844063916,S3-852977802,S3,Maid Tattoo,Maid Tattoo Center,"8522 176th Lane, Columbus, MN","176th Ln, Columbus, Minnesota",US,US,1,1,0.9208376407623291,0.6444044709205627,275.0,,112,0,address_number_difference;common_exact_name
All signals union,100,S1-705779716,S3-694559057,S3,Gold Software Private Limited,गोल्ड सॉफ्टवेयर प्राइवेट लिमिटेड,"H.No.- 1827, First Floor Outram Lanes, Kingsway Camp, Delhi, North Delhi, Delhi","H.no.- 18-27, North West, Delhi, DL",India,India,6,6+,0.0,0.3573366105556488,,,8,1,script_or_transliteration_difference;address_number_difference;very_different_name
All signals union,100,S1-554439929,S2-398597071,S2,Sai Construction Pvt Ltd,ସାଇ କନଷ୍ଟ୍ରକସନ୍ ପ୍ରାଇଭେଟ୍ ଲିମିଟେଡ୍,"Plot No-2333, New Industrial Estate Jagatpur, Cuttack, Orissa","POLT NO-2333, CUTTACK, Odisha",India,India,1,1,0.0,0.38898372650146484,,,5,0,script_or_transliteration_difference;very_different_name
All signals union,100,S1-432677456,S2-260753739,S2,Behavioral Health Physicians,Fluxkornovi,"DC, Washington, Unit 2, 3926 10th Street","3926 TENTH STREET, WASHINGTON, DC",US,US,6,6+,0.0,0.6834844946861267,,294.0,132,0,address_number_difference;very_different_name;common_exact_name
All signals union,100,S1-2764870,S3-328784165,S3,Dental Partners LLC,Dental Pgrners LLC,"CA, Barstow, 34234 Birch Road","34234 Birch Road, Lenwood, California",US,US,6,6+,0.6376324892044067,0.4715757966041565,,,92,0,lexical_rank_beyond_budget
All signals union,100,S1-912024570,S3-225242693,S3,Nexeus Cap Inc.,Nexeus Cap Incorporated,"Unit D, Indian Trail, NC, 1507 Turring Drive","1507 Turring Dr, Unit D, Indian Trail, North Carolina",US,US,6,6+,0.708063006401062,0.8448329567909241,,,2,0,legal_suffix_variation
All signals union,100,S1-727765247,S3-449130234,S3,Bright Software Private Limited,Bright Softirae Private Limited,"3-10/235/174/3/B, Alakapoor Township, Sector-3 Block-B, Puppalaguda Village, Rajendra N, Agar, Hyderabad, Telangana","3-10/235/174/3/B, Hyderabad, తెలంగాణ",India,India,6,6+,0.637082040309906,0.39254817366600037,,,15,1,lexical_rank_beyond_budget
All signals union,100,S1-753569432,S2-516342371,S2,4332 Lake Street Partners,4332 LAKE,"30558 Bardwell Drive, Princess Anne, MD","BARDWELL DR, PRINCESS ANE TOWNSHIP, MD",US,US,1,1,0.6113013029098511,0.7260819673538208,117.0,,0,0,address_number_difference
All signals union,100,S1-769376953,S2-767661251,S2,Dewar Fortis L.L.C.,DEWAR FÓRTIS L.L.C.,"10523 Laurel Glen Drive, Loveland, OH","10523 LAUREL GLEN DR, HAMILTON TWP, OH",US,US,7,6+,0.6271867752075195,0.5980727672576904,617.0,,1,0,script_or_transliteration_difference
All signals union,100,S1-911629592,S3-758061207,S3,Burlington Consultancy,Burlington Services,"Bangalore, Gvr Towers, 1St Main, Munireddy Layout, No.50, Karnataka, Bangalore North","No.50, Bangalore North, KA",India,India,1,1,0.6637280583381653,0.5572748184204102,,,0,0,address_number_difference
All signals union,100,S1-323082608,S2-436936078,S2,International Baba Healthcare Pvt Ltd,इंटरनेशनल बाबा हेल्थकेयर प्रा. लि.,"Flat No.102, Bldg. No. D/05, Plot No. 38, Sagar Darshan Chs, Palm Beach Rd, Sector, -18, Nerul, Thane, Maharashtra","102, NERUL, Maharashtra",India,India,8,6+,0.0,0.48869094252586365,,128.0,1,0,script_or_transliteration_difference;address_number_difference;very_different_name
