strategy,k,positive_links,retrieved_positive_links,link_recall,complete_recall,average_candidates,median_candidates,p95_candidates,max_candidates,evaluation_seconds,retrieval_precompute_seconds,name_index_build_seconds,name_query_seconds,address_index_build_seconds,address_query_seconds
Exact normalized name,,33285,7112,0.21366982124079917,0.0716,9.2298,1.0,56.0,458,0.7778713749999042,0.0,331.323850208,9.466594665999992,422.16121066700003,9.22428370900002
Exact normalized address,,33285,2748,0.08255971158179361,0.0221,0.3379,0.0,2.0,20,0.5406893749999426,0.0,331.323850208,9.466594665999992,422.16121066700003,9.22428370900002
Exact union,,33285,9433,0.2834009313504582,0.0999,9.525,2.0,56.0,458,0.5277794580000545,0.0,331.323850208,9.466594665999992,422.16121066700003,9.22428370900002
Name TF-IDF,5,33285,14429,0.43349857293074956,0.2284,5.0,5.0,5.0,5,0.5565383329999349,340.790444874,331.323850208,9.466594665999992,422.16121066700003,9.22428370900002
Address TF-IDF,5,33285,19814,0.5952831605828451,0.3524,5.0,5.0,5.0,5,0.5488449169999967,431.38549437600005,331.323850208,9.466594665999992,422.16121066700003,9.22428370900002
Name + address union,5,33285,25827,0.7759351059035602,0.5536,9.0325,9.0,10.0,10,0.560927582999966,772.17593925,331.323850208,9.466594665999992,422.16121066700003,9.22428370900002
All signals ranked,5,33285,19192,0.5765960642932252,0.3778,5.0,5.0,5.0,5,0.6252415829999336,772.17593925,331.323850208,9.466594665999992,422.16121066700003,9.22428370900002
All signals union,5,33285,26359,0.7919182815081869,0.5685,16.636,9.0,62.0,468,0.5943809999999985,772.17593925,331.323850208,9.466594665999992,422.16121066700003,9.22428370900002
Name TF-IDF,10,33285,17278,0.5190926843923689,0.2981,10.0,10.0,10.0,10,0.615831041999968,340.790444874,331.323850208,9.466594665999992,422.16121066700003,9.22428370900002
Address TF-IDF,10,33285,23356,0.7016974613189124,0.4789,10.0,10.0,10.0,10,0.6140582499999709,431.38549437600005,331.323850208,9.466594665999992,422.16121066700003,9.22428370900002
Name + address union,10,33285,28643,0.860537779780682,0.6964,18.5905,19.0,20.0,20,0.6159098750000567,772.17593925,331.323850208,9.466594665999992,422.16121066700003,9.22428370900002
All signals ranked,10,33285,24384,0.7325822442541685,0.5499,10.0,10.0,10.0,10,0.6830202090000057,772.17593925,331.323850208,9.466594665999992,422.16121066700003,9.22428370900002
All signals union,10,33285,28889,0.8679284963196635,0.7044,25.4296,19.0,69.0,478,0.5946839160000081,772.17593925,331.323850208,9.466594665999992,422.16121066700003,9.22428370900002
Name TF-IDF,20,33285,19182,0.5762956286615593,0.3505,20.0,20.0,20.0,20,0.5996284159999732,340.790444874,331.323850208,9.466594665999992,422.16121066700003,9.22428370900002
Address TF-IDF,20,33285,24888,0.7477242000901307,0.5345,20.0,20.0,20.0,20,0.605785666000088,431.38549437600005,331.323850208,9.466594665999992,422.16121066700003,9.22428370900002
Name + address union,20,33285,29799,0.8952681388012619,0.7604,38.2952,39.0,40.0,40,0.6250676250000424,772.17593925,331.323850208,9.466594665999992,422.16121066700003,9.22428370900002
All signals ranked,20,33285,27569,0.8282709929397627,0.6705,20.0,20.0,20.0,20,0.7283937920000199,772.17593925,331.323850208,9.466594665999992,422.16121066700003,9.22428370900002
All signals union,20,33285,29934,0.8993240198287517,0.7651,44.1121,39.0,81.0,498,0.6396816669999907,772.17593925,331.323850208,9.466594665999992,422.16121066700003,9.22428370900002
Name TF-IDF,50,33285,21234,0.6379450202794051,0.4039,50.0,50.0,50.0,50,0.6757957500000202,340.790444874,331.323850208,9.466594665999992,422.16121066700003,9.22428370900002
Address TF-IDF,50,33285,25891,0.7778578939462221,0.5775,50.0,50.0,50.0,50,0.6738785420000113,431.38549437600005,331.323850208,9.466594665999992,422.16121066700003,9.22428370900002
Name + address union,50,33285,30715,0.9227880426618597,0.8127,98.0152,98.0,100.0,100,0.7318648330000315,772.17593925,331.323850208,9.466594665999992,422.16121066700003,9.22428370900002
All signals ranked,50,33285,29287,0.8798858344599669,0.749,50.0,50.0,50.0,50,0.9194840840000325,772.17593925,331.323850208,9.466594665999992,422.16121066700003,9.22428370900002
All signals union,50,33285,30766,0.9243202643833559,0.8144,102.0451,98.0,115.0,538,0.7337370420000298,772.17593925,331.323850208,9.466594665999992,422.16121066700003,9.22428370900002
Name TF-IDF,100,33285,22498,0.6759200841219769,0.4412,100.0,100.0,100.0,100,0.820302665999975,340.790444874,331.323850208,9.466594665999992,422.16121066700003,9.22428370900002
Address TF-IDF,100,33285,26387,0.7927595012768515,0.5989,100.0,100.0,100.0,100,0.8211099579999654,431.38549437600005,331.323850208,9.466594665999992,422.16121066700003,9.22428370900002
Name + address union,100,33285,31130,0.9352561213759952,0.8379,197.8269,198.0,200.0,200,0.904078874999982,772.17593925,331.323850208,9.466594665999992,422.16121066700003,9.22428370900002
All signals ranked,100,33285,30426,0.9141054529067147,0.8028,100.0,100.0,100.0,100,1.2577729170000111,772.17593925,331.323850208,9.466594665999992,422.16121066700003,9.22428370900002
All signals union,100,33285,31153,0.9359471233288268,0.8386,199.8858,198.0,200.0,589,0.9164925000000039,772.17593925,331.323850208,9.466594665999992,422.16121066700003,9.22428370900002
