strategy,k,source,positive_links,retrieved_positive_links,link_recall
Exact normalized name,,S2,16137,3330,0.20635805911879532
Exact normalized name,,S3,17148,3782,0.2205505015162118
Exact normalized address,,S2,16137,2048,0.12691330482741525
Exact normalized address,,S3,17148,700,0.040821087007231166
Exact union,,S2,16137,4951,0.3068104356447915
Exact union,,S3,17148,4482,0.26137158852344294
Name TF-IDF,5,S2,16137,6857,0.4249240875007746
Name TF-IDF,5,S3,17148,7572,0.44156752974107766
Address TF-IDF,5,S2,16137,11709,0.7255995538204127
Address TF-IDF,5,S3,17148,8105,0.4726498717051551
Name + address union,5,S2,16137,13519,0.8377641445126107
Name + address union,5,S3,17148,12308,0.7177513412642874
All signals ranked,5,S2,16137,10339,0.6407014934622297
All signals ranked,5,S3,17148,8853,0.5162701189643107
All signals union,5,S2,16137,13733,0.8510255933568817
All signals union,5,S3,17148,12626,0.7362957779332867
Name TF-IDF,10,S2,16137,8329,0.5161430253454793
Name TF-IDF,10,S3,17148,8949,0.5218684394681595
Address TF-IDF,10,S2,16137,12997,0.8054161244345294
Address TF-IDF,10,S3,17148,10359,0.6040937718684395
Name + address union,10,S2,16137,14524,0.9000433785709859
Name + address union,10,S3,17148,14119,0.8233613249358526
All signals ranked,10,S2,16137,12558,0.7782115634876371
All signals ranked,10,S3,17148,11826,0.6896431070678797
All signals union,10,S2,16137,14625,0.9063022866703848
All signals union,10,S3,17148,14264,0.8318171215302076
Name TF-IDF,20,S2,16137,9286,0.5754477288219619
Name TF-IDF,20,S3,17148,9896,0.5770935386050852
Address TF-IDF,20,S2,16137,13539,0.839003532255066
Address TF-IDF,20,S3,17148,11349,0.6618264520643807
Name + address union,20,S2,16137,14931,0.9252649191299498
Name + address union,20,S3,17148,14868,0.8670398880335899
All signals ranked,20,S2,16137,13930,0.8632335626200657
All signals ranked,20,S3,17148,13639,0.7953697224166083
All signals union,20,S2,16137,14988,0.9287971741959472
All signals union,20,S3,17148,14946,0.8715885234429671
Name TF-IDF,50,S2,16137,10240,0.6345665241370763
Name TF-IDF,50,S3,17148,10994,0.6411243293678563
Address TF-IDF,50,S2,16137,13882,0.8602590320381731
Address TF-IDF,50,S3,17148,12009,0.7003149055283415
Name + address union,50,S2,16137,15223,0.9433599801697962
Name + address union,50,S3,17148,15492,0.9034289713086074
All signals ranked,50,S2,16137,14595,0.904443205056702
All signals ranked,50,S3,17148,14692,0.8567763004432004
All signals union,50,S2,16137,15258,0.9455289087190928
All signals union,50,S3,17148,15508,0.9043620247259155
Name TF-IDF,100,S2,16137,10880,0.6742269318956435
Name TF-IDF,100,S3,17148,11618,0.6775134126428738
Address TF-IDF,100,S2,16137,14051,0.8707318584619198
Address TF-IDF,100,S3,17148,12336,0.7193841847445767
Name + address union,100,S2,16137,15369,0.9524075106897193
Name + address union,100,S3,17148,15761,0.9191159318871005
All signals ranked,100,S2,16137,15097,0.9355518373923282
All signals ranked,100,S3,17148,15329,0.8939234896197807
All signals union,100,S2,16137,15385,0.9533990208836834
All signals union,100,S3,17148,15768,0.9195241427571729
