stage,check,passed,compared_values,mismatch_count,maximum_absolute_difference,mean_absolute_difference,tolerance,detail
candidate_retrieval,baseline_name_top250_ids,True,250000,0,0.0,0.0,exact,Raw S2/S3 index rebuild versus frozen Task 2.5 signal checkpoint.
candidate_retrieval,baseline_name_top250_scores,True,250000,0,0.0,0.0,absolute <= 1e-06; finite masks exact,Raw S2/S3 index rebuild versus frozen Task 2.5 signal checkpoint.
candidate_retrieval,baseline_address_top250_ids,True,250000,0,0.0,0.0,exact,Raw S2/S3 index rebuild versus frozen Task 2.5 signal checkpoint.
candidate_retrieval,baseline_address_top250_scores,True,250000,0,0.0,0.0,absolute <= 1e-06; finite masks exact,Raw S2/S3 index rebuild versus frozen Task 2.5 signal checkpoint.
candidate_retrieval,transliterated_name_top250_ids,True,250000,0,0.0,0.0,exact,Raw S2/S3 index rebuild versus frozen Task 2.5 signal checkpoint.
candidate_retrieval,transliterated_name_top250_scores,True,250000,0,0.0,0.0,absolute <= 1e-06; finite masks exact,Raw S2/S3 index rebuild versus frozen Task 2.5 signal checkpoint.
candidate_retrieval,number_address_top250_ids,True,250000,0,0.0,0.0,exact,Raw S2/S3 index rebuild versus frozen Task 2.5 signal checkpoint.
candidate_retrieval,number_address_top250_scores,True,250000,0,0.0,0.0,absolute <= 1e-06; finite masks exact,Raw S2/S3 index rebuild versus frozen Task 2.5 signal checkpoint.
candidate_retrieval,suffix_name_top250_ids,True,250000,0,0.0,0.0,exact,Raw S2/S3 index rebuild versus frozen Task 2.5 signal checkpoint.
candidate_retrieval,suffix_name_top250_scores,True,250000,0,0.0,0.0,absolute <= 1e-06; finite masks exact,Raw S2/S3 index rebuild versus frozen Task 2.5 signal checkpoint.
candidate_assembly,candidate_counts,True,1000,0,0.0,0.0,exact,Frozen cap-250 candidate count by S1.
candidate_assembly,candidate_ids_and_order,True,249992,0,0.0,0.0,exact,Exact encoded candidate IDs and frozen ordering.
feature_generation,pair_keys_and_order,True,6250,0,0.0,0.0,exact,
feature_generation,all_66_feature_values,True,412500,0,0.0,0.0,"float atol=1e-06, rtol=1e-06; integer/bool exact",
model_scoring,lightgbm_scores,True,6250,0,2.9774050225306326e-08,2.547817724455915e-10,absolute <= 5e-08,
decision_policy,score_ge_0.95,True,6250,0,0.0,0.0,exact,
determinism,repeated_feature_score_decision_replay,True,6250,0,0.0,0.0,bitwise score and decision equality,
