selected_configuration,s1_entity_id,true_matched_entity_id,matched_source,match_count,match_group,s1_name,true_name,s1_address,true_address,baseline_name_similarity,baseline_address_similarity,transliterated_name_similarity,number_address_similarity,suffix_name_similarity,baseline_name_rank_up_to_250,baseline_address_rank_up_to_250,transliterated_name_rank_up_to_250,number_address_rank_up_to_250,suffix_name_rank_up_to_250,failure_patterns
"Combined baseline-preserving augmentation, cap=250",S1-896499552,S3-52335484,S3,2,2,Environmental Program,Environmental Program Ltd,"VA, 6816 Hartwood Lane, Fairfax County","Hartwood Lane, Centreville, Virginia",0.9710347652435303,0.3655112683773041,0.9708494544029236,0.30719006061553955,0.9999999403953552,105.0,,129.0,,56.0,address_number_difference;legal_suffix_variation
"Combined baseline-preserving augmentation, cap=250",S1-542307364,S3-642668693,S3,1,1,Fortune Infotech,फॉर्च्यून इंफोटेक,"Noida, Gautam Buddha Nagar, B - 104, Uttar Pradesh, Sector 6","Door No 854 B - 104, Noida, Gautam Buddha Nagar, उत्तर प्रदेश",0.0,0.670630931854248,0.0,0.5615580677986145,0.0,,,,,,cross_script_name;address_number_difference;very_different_transliterated_name;all_signal_ranks_beyond_100;not_in_top250_any_signal
"Combined baseline-preserving augmentation, cap=250",S1-251609887,S3-157538522,S3,7,6+,Star Infotech Private Limited,ஸ்டார் இன்ஃபோடெக் பிரைவேட் லிமிடெட்,"No 40, First Floor K.B.Dasan Road, Teynampet, Chennai, Tamil Nadu","Chennai, No ##40, TN, Chennai",0.0,0.34879884123802185,0.01126241683959961,0.39786842465400696,0.0,,,,,,cross_script_name;address_number_difference;very_different_transliterated_name;all_signal_ranks_beyond_100;not_in_top250_any_signal
"Combined baseline-preserving augmentation, cap=250",S1-316964409,S3-152647886,S3,3,3-5,Baba Construction Limited,Baba কনস্ট্রাকশন লিমিটেড,"22, Strand Road, Kolkata Room No G-21, Ground Floor, Kolkata, Kolkata, Howrah, West Bengal","Howrah, Purbi Singhbhum, WB, C-22",0.3026703894138336,0.18150222301483154,0.32421112060546875,0.22163429856300354,0.3128279447555542,,,,,,cross_script_name;address_number_difference;all_signal_ranks_beyond_100;not_in_top250_any_signal
"Combined baseline-preserving augmentation, cap=250",S1-953760777,S3-54847148,S3,9,6+,Arihant Logistics Private Limited,Arihant Lgoggitsics Private Limited,"Bl -1, 13Th Floor, Fl-13D 76/1B Bidhan Sarani, Kolkata, Kolkata, Howrah, West Bengal","Bl -1, Kolkata, Howrah, WB",0.6040319204330444,0.5589184761047363,0.6217350959777832,0.4164583683013916,0.5583201050758362,,,,,,address_number_difference;all_signal_ranks_beyond_100;not_in_top250_any_signal
"Combined baseline-preserving augmentation, cap=250",S1-32425517,S2-227879031,S2,6,6+,Corner Bistro,Corner Bistro Enterprises,"652 Green Jade Drive, Unit APT B, Fenton, MO",,0.7229665517807007,,0.7215143442153931,,1.0000001192092896,,,,,166.0,missing_address;address_number_difference;legal_suffix_variation;all_signal_ranks_beyond_100
"Combined baseline-preserving augmentation, cap=250",S1-9562351,S2-132162336,S2,6,6+,Vision Healthcare Private Limited,ভিশন হেলথকেয়ার প্রাইভেট লিমিটেড,"Station Road P.O.Bishnupur, Bishnupur, Bankura, West Bengal","NO 100 STATION ROAD P.O.BISHNUPUR, BISHNUPUR, NULL, পশ্চিমবঙ্গ",0.0,0.8124790787696838,0.026234949007630348,0.7271226048469543,0.0,,,,,,cross_script_name;address_number_difference;very_different_transliterated_name;all_signal_ranks_beyond_100;not_in_top250_any_signal
"Combined baseline-preserving augmentation, cap=250",S1-534517450,S2-786642663,S2,3,3-5,ZAL Contractors Private Limited,ZAL CDNRTATCSOR PRIVATE LIMITED,"No. 355A, 2Nd Floor Gst Road, Alandur, Saidapet, Kanchipuram, Tamil Nadu","Tamil Nadu, NO. 55A , 2ND FLOOR GST ROAD, ALANDUR, SAIIAPET",0.26486918330192566,0.7101955413818359,0.2511202096939087,0.6262352466583252,0.15982380509376526,,150.0,,,,address_number_difference;all_signal_ranks_beyond_100
"Combined baseline-preserving augmentation, cap=250",S1-750492206,S3-830266132,S3,8,6+,Main Street Bakery,Main Street Bakery Services,"6011 Sunny Meadows Drive, Spotsylvania County, VA","006011 Sunny Meadows Drive, PO Box 649, Fredericksburg, Virginia",0.8964964747428894,0.41847723722457886,0.8862833976745605,0.46354880928993225,0.8964547514915466,221.0,,238.0,,170.0,address_number_difference;all_signal_ranks_beyond_100
"Combined baseline-preserving augmentation, cap=250",S1-342019861,S2-813738526,S2,5,3-5,Jay Constructions Private Limited,जय कंस्ट्रक्शंस प्राइवेट लिमिटेड,"Flat No- 201, Wing A, Vasant Vihar Chsl Vasant Vihar, Dr C G Rd, Chembur, Mumbai, Mumbai City, Maharashtra","FLAT NO- 201, MUMBAI, NULL, महाराष्ट्र",0.0,0.3165043890476227,0.0,0.4046019911766052,0.0,,,,,,cross_script_name;very_different_transliterated_name;all_signal_ranks_beyond_100;not_in_top250_any_signal
"Combined baseline-preserving augmentation, cap=250",S1-712740486,S2-664743419,S2,6,6+,Global Products LLP,ગ્લોબલ પ્રોડક્ટ્સ એલએલપી,"Harsh Mal, Sardar Patel Nagar Ellisbridge, Ahmedabad, Gujarat","HASH MAL, AHMEDABAD, AHEMDABAD, Gujarat",0.0,0.4204581677913666,0.019755259156227112,0.41466036438941956,0.0,,,,,,cross_script_name;very_different_transliterated_name;all_signal_ranks_beyond_100;not_in_top250_any_signal
"Combined baseline-preserving augmentation, cap=250",S1-555132235,S3-560485784,S3,1,1,Carbon Beverages Private Limited,Sri Carbon Bevrges Private Limited,"193, Raja Dinendra Street, Shyambazar, 2Nd Floor, Kolkata, Howrah, West Bengal","193, Howrah, WB",0.6944409012794495,0.41702696681022644,0.673723578453064,0.5324137210845947,0.668116569519043,755.0,,,,,address_number_difference;all_signal_ranks_beyond_100
"Combined baseline-preserving augmentation, cap=250",S1-331268849,S2-299696073,S2,7,6+,Surya Investments Limited,सूर्या इन्वेस्टमेंट्स लिमिटेड,"G-48, Ff East Of Kailash, New Delhi, South Delhi, Delhi","BLOCK B-95 G-48, NEW DELHI, SOUTH DELHI, Delhi",0.0,0.5820977091789246,0.012070081196725368,0.49119076132774353,0.0,,,,,,cross_script_name;address_number_difference;very_different_transliterated_name;all_signal_ranks_beyond_100;not_in_top250_any_signal
"Combined baseline-preserving augmentation, cap=250",S1-672321612,S3-349199874,S3,6,6+,Swastik Infra Private Limited,Swastik  Infra Prharlte Limited,"No. S101, Door No. 769, 2Nd Floor, Phase 3, Suite No. 301, Spencer Plaza, Chennai, Tamil Nadu","No. S101, Chennai, Uthukottai, TN",0.7464374899864197,0.20916157960891724,0.7463448643684387,0.19562268257141113,0.7532202005386353,,,125.0,,,address_number_difference;very_different_number_address;all_signal_ranks_beyond_100
"Combined baseline-preserving augmentation, cap=250",S1-12764900,S3-666960582,S3,6,6+,Gold Logistics,goldlogistics.com,"Fl. 7, S. No. 645/1/3, Shweta Apt., Bibwewadi, Pune, Maharashtra","Fl. 7, Poona, Bibwewadi, महाराष्ट्र",0.7768454551696777,0.4255580008029938,0.7772586941719055,0.2706708014011383,0.7753064036369324,,,,,,address_number_difference;all_signal_ranks_beyond_100;not_in_top250_any_signal
"Combined baseline-preserving augmentation, cap=250",S1-262132679,S2-879002707,S2,5,3-5,S 2 B Education L.L.C.,S 2 B,"NC, Newland, 1046 Hickory Nut Gap Road",,0.3477920889854431,,0.34810107946395874,,0.345099538564682,,,,,,missing_address;address_number_difference;all_signal_ranks_beyond_100;not_in_top250_any_signal
"Combined baseline-preserving augmentation, cap=250",S1-531896812,S2-839260246,S2,3,3-5,Herald Foundation,hfoundation.com,"Plot-A, Flat-1403, Floor-14, Wing-A, Runwal Heights Chsl, Lbs Road, Mulund(W), Mumbai, Mumbai City, Maharashtra","#353 POLT-A, MUMBAI CITY, Maharashtra",0.499667227268219,0.27145591378211975,0.5012742280960083,0.21157747507095337,0.5030767321586609,,,,,,address_number_difference;all_signal_ranks_beyond_100;not_in_top250_any_signal
"Combined baseline-preserving augmentation, cap=250",S1-949739858,S3-365703980,S3,3,3-5,"Orrick Soulpower, Inc",Orrick Inc Services,"619 Riedy Road, Lisle, IL","61 Riedy Road, Lisle, Illinois",0.47142183780670166,0.7244587540626526,0.3945266604423523,0.602308988571167,0.4313923120498657,,,,,,address_number_difference;all_signal_ranks_beyond_100;not_in_top250_any_signal
"Combined baseline-preserving augmentation, cap=250",S1-645343498,S3-116176479,S3,7,6+,Pdr & Co,Wexvantagezeph,"House No 214, North Delhi, Ground Floor Parking, Harsh Vihar, Pitam Pura, Delhi","Block E-985 Houce No 214, Delhi, North Delhi, DL",0.0,0.3776467740535736,0.0,0.3984648585319519,0.0,,,,206.0,,address_number_difference;very_different_transliterated_name;all_signal_ranks_beyond_100
"Combined baseline-preserving augmentation, cap=250",S1-373677256,S3-749290090,S3,7,6+,Pediatric Dentistry Care Associates,Pediatric Dtistry Care (Associates),"25 Pequot Avenue, North Haven, CT","25 Pequot Ave, No Haven, Connecticut",0.8696500062942505,0.5745934844017029,0.8639057874679565,0.6370825171470642,0.8696692585945129,,,,,,all_signal_ranks_beyond_100;not_in_top250_any_signal
"Combined baseline-preserving augmentation, cap=250",S1-467582425,S3-916347677,S3,6,6+,East Global Software Private Limited,ईस्ट ग्लोबल सॉफ्टवेयर प्राइवेट लिमिटेड,"803 Akruti Nova, Niharika Comp Saiwadi, Mumbai, Maharashtra","#803 Akruti Nova, Mumbai Suburban, Mumbai, MH",0.0,0.559052050113678,0.0,0.6324222087860107,0.0,,,,,,cross_script_name;very_different_transliterated_name;all_signal_ranks_beyond_100;not_in_top250_any_signal
"Combined baseline-preserving augmentation, cap=250",S1-476789557,S3-301726453,S3,5,3-5,Al Infra Private Limited,Limited Al Private Partners,"C-570 Temp, Block- C, Defence Colony, Delhi, South Delhi, Delhi","C-570 Temp, Manesar, DL",0.4130042791366577,0.3699209690093994,0.39421170949935913,0.4298779368400574,0.1461610645055771,,,,,,all_signal_ranks_beyond_100;not_in_top250_any_signal
"Combined baseline-preserving augmentation, cap=250",S1-185976135,S2-271292984,S2,3,3-5,Ambur's Trading,Ambur's Trafnsng,"202 Deer Run Drive, Clarksville, IN","202 DEER RUN DR, SELLERSBURG, IN",0.5566979050636292,0.4351094663143158,0.5580123066902161,0.5413690805435181,0.5566979050636292,,,,,,all_signal_ranks_beyond_100;not_in_top250_any_signal
"Combined baseline-preserving augmentation, cap=250",S1-509464064,S3-941449957,S3,9,6+,Pineapple Enterprises Pvt Ltd,M/s Pineapple Pvt Ltd Services,"B-91, 1St Floor, Gtk Industrial Area, Delhi, North West, Delhi",,0.726040780544281,,0.696589469909668,,0.7938504219055176,,,,,,missing_address;address_number_difference;all_signal_ranks_beyond_100;not_in_top250_any_signal
"Combined baseline-preserving augmentation, cap=250",S1-352077885,S2-393246,S2,3,3-5,Maid Grill,Maid 6rill LP,"8948 Montegue Terrace, Brooklyn Park, MN","8948 MONTEGUE TER, MINNEAPOLIS, MN",0.7634470462799072,0.4467426538467407,0.7436977028846741,0.5898846387863159,0.7633106112480164,250.0,,,,,all_signal_ranks_beyond_100
"Combined baseline-preserving augmentation, cap=250",S1-314745119,S2-747593318,S2,3,3-5,Pioneer Blue Care Private Limited,पायोनियर ब्लू केयर प्राइवेट लिमिटेड,"34, Datta Vijay, Mulund (East), Mumbai, Maharashtra","3-4, DATTA VIJAY, MULUND (EAST), MUMBAI (SUBURBAN), महाराष्ट्र",0.0,0.7317264080047607,0.0,0.5826321244239807,0.0,,,,,,cross_script_name;address_number_difference;very_different_transliterated_name;all_signal_ranks_beyond_100;not_in_top250_any_signal
"Combined baseline-preserving augmentation, cap=250",S1-147384902,S3-464733166,S3,5,3-5,Hayes Jackson Inc.,Wexavijax,"115 Newbury Avenue, Quincy, MA","11 Newbury Ave, Qunicy, Massachusetts",0.0,0.47164294123649597,0.0,0.44069498777389526,0.0,,,,,,address_number_difference;very_different_transliterated_name;all_signal_ranks_beyond_100;not_in_top250_any_signal
"Combined baseline-preserving augmentation, cap=250",S1-91256231,S2-999902981,S2,6,6+,Corner Diner,-- Corner Diner Corp,"56 Washington Avenue, New Square, NY","NY, WASHINGTON AVENUE, SPRING VALLEY",0.9457806944847107,0.46785369515419006,0.9445170760154724,0.4295886754989624,0.9999999403953552,216.0,,250.0,,106.0,address_number_difference;legal_suffix_variation;all_signal_ranks_beyond_100
"Combined baseline-preserving augmentation, cap=250",S1-636769811,S3-472040029,S3,6,6+,Sree Logistics Pvt Ltd,Sree Pvt Ltd Center,"F.No.F-3, Sai Sneha Avenue Srinivasa Colony, Manikonda, Hyderabad, Telangana","F.no.f-3, Hyderabad, TG",0.47760137915611267,0.29089468717575073,0.4119616150856018,0.3084542751312256,0.33335942029953003,,,,,,all_signal_ranks_beyond_100;not_in_top250_any_signal
"Combined baseline-preserving augmentation, cap=250",S1-120516653,S3-734603375,S3,2,2,Traor Inc,Traor Trading,"202 Melissa Court, Washington, NC",,0.7463553547859192,,0.7468973398208618,,0.7737513184547424,,,,,,missing_address;address_number_difference;all_signal_ranks_beyond_100;not_in_top250_any_signal
"Combined baseline-preserving augmentation, cap=250",S1-333037383,S2-200713042,S2,7,6+,Devita Tech,Orbivantage,"45-G/F B/P, Bhera Enclave, Paschim Vihar, New Delhi, West Delhi, Delhi","DOOR NO 45-G/F B/P, NEW DELHI, WEST DELHI, Delhi",0.0,0.5132008194923401,0.0,0.5795009136199951,0.0,,,,,,very_different_transliterated_name;all_signal_ranks_beyond_100;not_in_top250_any_signal
"Combined baseline-preserving augmentation, cap=250",S1-966126974,S3-120452743,S3,8,6+,Laxmi Projects Limited,Laxmi Prlbejcts Limited,"C/O Gobind Singh Sardar Ngr Circular Rd Nr Andhra Bank Azad Chowk Rewari Tehsil, Rewari, Haryana",,0.6337210536003113,,0.6337610483169556,,0.6043799519538879,329.0,,,,,missing_address;all_signal_ranks_beyond_100
"Combined baseline-preserving augmentation, cap=250",S1-686676551,S2-377770652,S2,6,6+,XUU Fashions Company,XUU Fasghihns Company,"800P, Panchkula, Haryana, Panchkula","PLOT 351 800P, PANCHKULA, Haryana",0.5465648174285889,0.8516980409622192,0.5113902688026428,0.7079780101776123,0.30274784564971924,,514.0,,,,address_number_difference;all_signal_ranks_beyond_100
"Combined baseline-preserving augmentation, cap=250",S1-347383907,S2-860136251,S2,6,6+,Ss Tech Private Limited,ಎಸ್ಎಸ್ ಟೆಕ್ ಪ್ರೈವೇಟ್ ಲಿಮಿಟೆಡ್,"Flat No:G1, 9Th Cross, 1Ph, Silverline Tulip Appt, Bangalore South, Bangalore, Karnataka","FLAT NO:GC-1, BANGALORE, BANGALORE SOUTH, ಕರ್ನಾಟಕ",0.0,0.4362465441226959,0.0,0.4651471674442291,0.0,,,,,,cross_script_name;address_number_difference;very_different_transliterated_name;all_signal_ranks_beyond_100;not_in_top250_any_signal
"Combined baseline-preserving augmentation, cap=250",S1-731547782,S2-122882060,S2,1,1,Indo International Private Limited,इंडो इंटरनेशनल प्राइवेट लिमिटेड,"F-6, 2Nd Floor, Vijay Chowk, Laxmi Nagr, Delhi, East Delhi, Delhi","F-#6, DELHI, EAST DELHI, Delhi",0.0,0.526621401309967,0.0,0.5178722143173218,0.0,,,,230.0,,cross_script_name;address_number_difference;very_different_transliterated_name;all_signal_ranks_beyond_100
"Combined baseline-preserving augmentation, cap=250",S1-748693779,S3-585260352,S3,3,3-5,Physical Therapy Health LLC,Physica1 Therapy Therapy Health,"Pittsfield, MA, 383 North Street","547 North Saint, Pittsfield, Massachusetts",0.8424644470214844,0.6043336391448975,0.846312403678894,0.47234106063842773,0.8544975519180298,,487.0,,,,address_number_difference;all_signal_ranks_beyond_100
"Combined baseline-preserving augmentation, cap=250",S1-418107909,S3-61459208,S3,3,3-5,Cornerstone Cohen,Cornerstone Services,"206 Scott Street, IL, Alexis","Scott St, NULL, Alexis, Illinois",0.6241305470466614,0.6094846129417419,0.6243566274642944,0.5228087902069092,0.630522608757019,,,,,,address_number_difference;all_signal_ranks_beyond_100;not_in_top250_any_signal
"Combined baseline-preserving augmentation, cap=250",S1-656133777,S3-603195200,S3,4,3-5,Little Resorts,Little Rhenst,"Flat 301, My Home Mount View Apartments, Navodaya Colony, Yellareddy Guda, Hyderabad, Telangana","Door No 518 Flat 301, Ganganagar, Hyderabad, TG",0.6589490175247192,0.2666313350200653,0.543325662612915,0.2950187921524048,0.660910427570343,,,,,,address_number_difference;all_signal_ranks_beyond_100;not_in_top250_any_signal
"Combined baseline-preserving augmentation, cap=250",S1-612280396,S2-750468004,S2,5,3-5,Zydus Brothers Pvt. Ltd.,Pvt Zydus Brgehsr Ltd,"Office No. 202, 2Nd Floor, C-Wing, Neelkanth Business Park, Vidyavihar West, Mumbai, Mumbai City, Maharashtra","Maharashtra, MUMBAI, OFFICE NO. 0202",0.489074170589447,0.44514593482017517,0.49700063467025757,0.5464146137237549,0.35425102710723877,,,,,,address_number_difference;all_signal_ranks_beyond_100;not_in_top250_any_signal
"Combined baseline-preserving augmentation, cap=250",S1-597127202,S2-439703666,S2,1,1,Hitech Modern Estate Pvt Ltd,హైటెక్ మోడర్న్ ఎస్టేట్ ప్రైవేట్ లిమిటెడ్,"F. No. A3, 3Rd Floor, Bollineni Homes, Behind Hitec Theatre, Shaikpet, Hyderabad, Telangana","F. NO. AB3/3, SHAIKPET, HYDERABAD, Telangana",0.0,0.5487980842590332,0.035151466727256775,0.47487249970436096,0.0,,162.0,,100.0,,cross_script_name;very_different_transliterated_name
"Combined baseline-preserving augmentation, cap=250",S1-329558057,S2-331051705,S2,1,1,New Enterprises Limited,न्यू एंटरप्राइजेज लिमिटेड,"H No-225, Ambika Vihar, Paschim Vihar, Bhatia Globle Hospital, New Delhi, West Delhi, Delhi","WEST DELHI, BLOCK G-B3/556 H NO-225, Delhi, WEST DELHI",0.0,0.32801514863967896,0.0,0.31167712807655334,0.0,,,,,,cross_script_name;address_number_difference;very_different_transliterated_name;all_signal_ranks_beyond_100;not_in_top250_any_signal
"Combined baseline-preserving augmentation, cap=250",S1-648593980,S3-461562125,S3,6,6+,Swastik Future Energy Private Limited,स्वस्तिक फ्यूचर एनर्जी प्राइवेट लिमिटेड,"29, Lal Bahadur Nagar 7Th Avenue, Behind Jain Paradise, Jln Ma, Rg, Jaipur, Rajasthan","#853 29, Rg, Jaipur, RJ",0.0,0.3066999614238739,0.014213436283171177,0.24302005767822266,0.0,,,,,,cross_script_name;address_number_difference;very_different_transliterated_name;all_signal_ranks_beyond_100;not_in_top250_any_signal
"Combined baseline-preserving augmentation, cap=250",S1-767723361,S3-243300107,S3,6,6+,YT Management Private Limited,YT Manageomnet Private Limited,"3297/E, Arulandambal Nagar, 6Th Street, Thanjavur, Tamil Nadu","297/E, null, Thanjavur, தமிழ்நாடு",0.6106218695640564,0.5051023364067078,0.6433542370796204,0.48802173137664795,0.5437198281288147,,108.0,,42.0,,address_number_difference
"Combined baseline-preserving augmentation, cap=250",S1-741666452,S2-570154890,S2,6,6+,White Constructions Private Limited,व्हाइट कंस्ट्रक्शंस प्राइवेट लिमिटेड,"Gurgaon, Shop No-11, Haryana, Upper G/F, Ava Court, Chestnut Street, Malibu Town, Sohna Road, Sector-47","SHOP NO-11, GURGAON, हरियाणा",0.0,0.3442470133304596,0.0,0.35039618611335754,0.0,,,,,,cross_script_name;address_number_difference;very_different_transliterated_name;all_signal_ranks_beyond_100;not_in_top250_any_signal
"Combined baseline-preserving augmentation, cap=250",S1-16248156,S3-804151991,S3,6,6+,Ram Business LLP,Shri Ram Bcsinsmes LLP,"2024Railway Road Narela, New Delhi, North West, Delhi",,0.3197534382343292,,0.29532578587532043,,0.24186138808727264,,,,,,missing_address;all_signal_ranks_beyond_100;not_in_top250_any_signal
"Combined baseline-preserving augmentation, cap=250",S1-599544882,S2-830234839,S2,7,6+,Office of Sanitation,OFFICE-OF,"TX, 12918 Pinesage Drive, Houston",,0.6058029532432556,,0.5482134222984314,,0.6031325459480286,,,,,,missing_address;address_number_difference;all_signal_ranks_beyond_100;not_in_top250_any_signal
"Combined baseline-preserving augmentation, cap=250",S1-729364943,S3-301614078,S3,5,3-5,Jain North Management Pvt Ltd,जैन नॉर्थ मैनेजमेंट प्रा. लि.,"V-255, Arvind Nagar Ghonda, Delhi, North East, Delhi","V-255, Delhi, Bhajanpuradelhi, DL",0.0,0.3369302451610565,0.0322900265455246,0.5121376514434814,0.0,,,,223.0,,cross_script_name;very_different_transliterated_name;all_signal_ranks_beyond_100
"Combined baseline-preserving augmentation, cap=250",S1-769376953,S2-480856686,S2,7,6+,Dewar Fortis L.L.C.,DEWAR FOBFTIS L.L.C.,"10523 Laurel Glen Drive, Loveland, OH","10523 LAUREL GLEN DRIVE, HAMILTON TWP, OH",0.6875227093696594,0.6382863521575928,0.6892534494400024,0.7297305464744568,0.6875227093696594,506.0,,,,,all_signal_ranks_beyond_100
"Combined baseline-preserving augmentation, cap=250",S1-839510184,S2-236750491,S2,6,6+,"Pediatric Dentistry Health, LLC","LLC Pediatric Dentistry Héalth,","404 Broad Street, Jonesboro, IL","404 BROAD ST, PMB 2256, JONEBORO, IL",0.8014897704124451,0.5736756324768066,0.9999999403953552,0.5017600059509277,0.778436541557312,,,94.0,,,cross_script_name;address_number_difference
"Combined baseline-preserving augmentation, cap=250",S1-83761787,S3-185246592,S3,5,3-5,Ludhiana Health Ltd,Ludhiana Ltd Services,"H. No 21 Professor Colony, Barewal Road, Ludhiana, Punjab",,0.7823352813720703,,0.7817227840423584,,0.7467702031135559,,,123.0,,89.0,missing_address;address_number_difference
