configuration,positive_links,retrieved_positive_links,link_recall,complete_entities,complete_recall,average_candidates,median_candidates,p95_candidates,max_candidates,retrieval_precompute_seconds,evaluation_seconds,total_runtime_seconds,approx_retrieval_artifacts_mb,approx_peak_index_mb,signals,observed_pipeline_peak_rss_mb
"Existing all signals ranked, K=100",33285,30426,0.9141054529067147,8028,0.8028,100.0,100.0,100.0,100,659.5231901250002,2.1116777089998777,661.634867834,228.8818359375,708.5129013061523,"baseline_name,baseline_address",2666.28125
"Existing name + address union, K=100",33285,31130,0.9352561213759952,8379,0.8379,197.8269,198.0,200.0,200,659.5231901250002,1.8881765839998934,661.411366709,228.8818359375,708.5129013061523,"baseline_name,baseline_address",2666.28125
Baseline + transliteration union,33285,31551,0.9479044614691302,8682,0.8682,244.0747,242.0,284.0,300,1004.7271967910008,2.10553337500005,1006.8327301660008,257.4920654296875,708.5418090820312,"baseline_name,baseline_address,transliterated_name",2666.28125
Baseline + address-number union,33285,32031,0.9623253717890942,8977,0.8977,272.5339,274.0,296.0,300,1217.9405238750003,2.1084069579999323,1220.0489308330002,257.4920654296875,708.5129013061523,"baseline_name,baseline_address,number_address",2666.28125
Baseline + missing-address handling,33285,31130,0.9352561213759952,8379,0.8379,197.8269,198.0,200.0,200,659.5231901250002,1.8677660420000848,661.3909561670002,228.8818359375,708.5129013061523,"baseline_name,baseline_address",2666.28125
Baseline + legal-suffix union,33285,31439,0.944539582394472,8592,0.8592,249.7488,247.0,290.0,300,923.8178658330011,2.1009636249998493,925.9188294580009,257.4920654296875,708.5129013061523,"baseline_name,baseline_address,suffix_name",2666.28125
Combined improved union,33285,32384,0.972930749586901,9254,0.9254,362.0231,361.0,435.0,497,1827.439206249002,2.424412249999932,1829.8636184990019,314.7125244140625,708.5418090820312,"baseline_name,baseline_address,transliterated_name,number_address,suffix_name",2666.28125
"Combined improved ranked, cap=100",33285,31156,0.9360372540183266,8540,0.854,100.0,100.0,100.0,100,1827.439206249002,3.0261145419999593,1830.465320791002,314.7125244140625,708.5418090820312,"baseline_name,baseline_address,transliterated_name,number_address,suffix_name",2666.28125
"Combined improved ranked, cap=200",33285,32083,0.9638876370737569,9078,0.9078,200.0,200.0,200.0,200,1827.439206249002,3.042568916999926,1830.4817751660019,314.7125244140625,708.5418090820312,"baseline_name,baseline_address,transliterated_name,number_address,suffix_name",2666.28125
"Combined baseline-preserving augmentation, cap=250",33285,32252,0.9689649992489109,9159,0.9159,249.9947,250.0,250.0,250,1827.439206249002,3.1381740420001734,1830.577380291002,314.7125244140625,708.5418090820312,"baseline_name,baseline_address,transliterated_name,number_address,suffix_name",2666.28125
